spec_id,label,system,role,source,stage,log_nii_ha,log_nii_ha_err,log_oiii_hb,log_oiii_hb_err,log_sii_ha,bpt_class,broad_adopted,ha_flux,balmer_dec
2584-54153-235,2MASXJ09551395+1417576_sdss,2MASXJ09551395+1417576,main,SDSS,VC 0  pre-interaction,-0.3380,0.0059,-0.6421,0.0309,-0.5464,SF,False,1516.3000,6.5026
5325-55980-350,2MASXJ09551395+1417576_comp_sdss,2MASXJ09551395+1417576,comp,SDSS,VC 0  pre-interaction,-0.3899,0.0054,-0.6595,0.0246,-0.5738,SF,False,1803.7000,7.1875
1754-53385-310,IC2810_sdss,IC2810,main,SDSS,VC 0  pre-interaction,-0.2288,0.0046,-0.4756,0.0190,-0.5494,composite,False,3028.0000,7.6489
1753-53383-519,IC2810_comp_sdss,IC2810,comp,SDSS,VC 0  pre-interaction,-0.2061,0.0036,-0.5797,0.0206,-0.6189,composite,False,2277.1000,7.7026
39628198719263215,IC3378,IC3378,main,DESI,VC 0  pre-interaction,-0.3947,0.0058,-0.5209,0.0257,-0.4669,SF,False,717.8000,3.9844
5852-56034-264,IC3378_comp_sdss,IC3378,comp,SDSS,VC 0  pre-interaction,-0.3489,0.0151,-0.5538,0.0901,-0.5015,SF,False,161.8400,5.8117
39628116066305705,LEDA1436844,LEDA1436844,main,DESI,VC 0  pre-interaction,-0.5286,0.0145,-0.7890,0.0933,-0.3599,SF,False,173.7100,3.3510
2842629133828099,UGC6142,UGC6142,main,DESI,VC 0  pre-interaction,0.2079,0.0133,0.3780,0.0527,0.1030,AGN,False,135.2700,4.3056
581-52356-304,UGC6142_comp_sdss,UGC6142,comp,SDSS,VC 0  pre-interaction,-0.1648,0.0048,0.6073,0.0087,-0.4256,AGN,False,1523.7000,4.8819
1225-52760-217,2MASXJ11422226+0845548_sdss,2MASXJ11422226+0845548,main,SDSS,VC 1  merger,-0.2053,0.0226,-0.3801,0.0815,-0.4153,composite,False,353.6300,3.3129
1620-53137-443,2MASXJ11422226+0845548_comp_sdss,2MASXJ11422226+0845548,comp,SDSS,VC 1  merger,-0.0301,0.0287,0.4535,0.1198,-0.0608,AGN,False,311.2400,9.0042
39627781855775543,2dFGRSTGN321Z156_comp,2dFGRSTGN321Z156,comp,DESI,VC 1  merger,-0.3794,0.0019,-0.6236,0.0079,-0.6080,SF,False,4258.8000,4.7750
2429-53799-267,BKD2008WR561_sdss,BKD2008WR561,main,SDSS,VC 1  merger,-0.6699,0.0040,-0.0289,0.0051,-0.7921,SF,False,10481.0000,4.0780
1223-52781-169,IC2867_sdss,IC2867,main,SDSS,VC 1  merger,-0.7405,0.0243,0.2281,0.0292,-0.4341,SF,False,196.8700,3.8298
1223-52781-178,IC2867_comp_sdss,IC2867,comp,SDSS,VC 1  merger,-0.3470,0.0094,-0.4692,0.0444,-0.5744,SF,False,1712.6000,6.9375
39628075859711056,IC3147B,IC3147B,main,DESI,VC 1  merger,-0.2569,0.0041,-0.5154,0.0258,-0.4051,composite,False,725.7300,4.0236
39627664981495030,LEDA1050044,LEDA1050044,main,DESI,VC 1  merger,-0.4250,0.0067,-0.7091,0.0426,-0.5605,SF,False,767.0700,5.0527
463-51908-417,LEDA1050044_comp_sdss,LEDA1050044,comp,SDSS,VC 1  merger,-0.7358,0.0191,0.1035,0.0242,-0.4474,SF,False,210.3000,3.6438
412-52258-302,LEDA11650_sdss,LEDA11650,main,SDSS,VC 1  merger,-0.4016,0.0052,-0.2437,0.0096,-0.4501,SF,False,2548.0000,3.7464
411-51817-119,LEDA11650_comp_sdss,LEDA11650,comp,SDSS,VC 1  merger,-0.6285,0.0316,-0.0349,0.0587,-0.3218,SF,False,82.5430,3.8003
2886-54498-17,LEDA1348189_sdss,LEDA1348189,main,SDSS,VC 1  merger,-0.4873,0.0131,-0.4785,0.0530,-0.4333,SF,False,266.1400,4.3164
461-51910-367,MCG-01-09-041_sdss,MCG-01-09-041,main,SDSS,VC 1  merger,-0.3626,0.0074,-0.4417,0.0338,-0.3605,SF,False,955.2900,6.9179
461-51910-361,MCG-01-09-041_comp_sdss,MCG-01-09-041,comp,SDSS,VC 1  merger,-0.3468,0.0117,-0.0140,0.0183,-0.5136,composite,True,2014.7000,5.2429
991-52707-531,NGC2864_sdss,NGC2864,main,SDSS,VC 1  merger,-0.3217,0.0076,-0.6652,0.0433,-0.5611,SF,False,766.6200,4.7894
39627931877642613,NGC2864_comp,NGC2864,comp,DESI,VC 1  merger,-0.6015,0.0047,0.1421,0.0081,-0.5203,SF,False,1038.5000,4.5716
2428-53801-416,NVSSJ084256+133826_sdss,NVSSJ084256+133826,main,SDSS,VC 1  merger,-0.4247,0.0080,-0.3342,0.0220,-0.4299,SF,False,617.9000,3.5415
1746-53062-435,Z64-106_sdss,Z64-106,main,SDSS,VC 1  merger,-0.1354,0.0145,0.0495,0.0470,-0.3160,composite,False,342.7700,5.0158
2571-54055-587,2MASXJ08232861+0924041_sdss,2MASXJ08232861+0924041,main,SDSS,VC 2  post-merger,-0.3786,0.0050,-0.3946,0.0161,-0.4724,SF,False,1400.3000,5.9032
39627757533007477,2dFGRSTGN313Z174,2dFGRSTGN313Z174,main,DESI,VC 2  post-merger,-0.3703,0.0115,-0.5148,0.0626,-0.3382,SF,False,44.9880,3.1910
414-51869-490,LEDA176192_sdss,LEDA176192,main,SDSS,VC 2  post-merger,-0.4581,0.0073,-0.0816,0.0153,-0.3823,SF,False,658.0200,4.9119
39627791632699590,LEDA176192_comp,LEDA176192,comp,DESI,VC 2  post-merger,-0.6788,0.0721,-0.0123,0.1741,-0.3758,SF,False,19.1700,4.7250
39627799287303060,LEDA181851,LEDA181851,main,DESI,VC 2  post-merger,-0.7033,0.0038,-0.0020,0.0069,-0.5152,SF,False,1047.4000,3.6745
2571-54055-598,LEDA3091410_sdss,LEDA3091410,main,SDSS,VC 2  post-merger,-0.7389,0.0083,0.3197,0.0088,-0.5506,SF,False,703.5100,3.2996
513-51989-603,Mrk1302_sdss,Mrk1302,main,SDSS,VC 2  post-merger,-0.4150,0.0044,-0.8001,0.0189,-0.5589,SF,False,4183.3000,4.6840
513-51989-601,Mrk1302_comp_sdss,Mrk1302,comp,SDSS,VC 2  post-merger,-0.7698,0.0113,0.3105,0.0118,-0.5651,SF,False,509.8500,3.0924
573-52325-511,NVSSJ100720+040434_sdss,NVSSJ100720+040434,main,SDSS,VC 2  post-merger,-0.3314,0.0050,-0.6784,0.0176,-0.5536,SF,False,3017.3000,4.4714
852-52375-397,Z44-80_sdss,Z44-80,main,SDSS,VC 2  post-merger,-0.4810,0.0063,0.2422,0.0090,-0.4659,composite,False,2186.3000,4.2145
2582-54139-132,Z63-63_sdss,Z63-63,main,SDSS,VC 2  post-merger,-0.4543,0.0074,-0.5233,0.0278,-0.4454,SF,False,876.8400,4.2480
39627854287212798,LEDA1232789,LEDA1232789,main,DESI,no VC class,-0.4333,0.0220,-0.5301,0.1240,-0.3871,SF,False,82.8080,3.5363
