stage,n,population,n_pop,frac_in50,frac_in80,mean_logdens,mean_logdens_err,energy_dist,p_energy,nonsf_frac_sample,nonsf_frac_pop
VC 0  pre-interaction,9,pairs,29344,0.444,0.556,-3.006,0.148,0.250,0.003,0.444,0.246
VC 0  pre-interaction,9,bars,2342,0.667,0.889,-2.674,0.128,0.150,0.037,0.444,0.578
VC 0  pre-interaction,9,all,249422,0.444,0.556,-2.973,0.148,0.205,0.003,0.444,0.299
VC 1  merger,18,pairs,29344,0.556,0.944,-2.700,0.070,0.033,0.373,0.278,0.246
VC 1  merger,18,bars,2342,0.556,0.778,-2.803,0.088,0.097,0.033,0.278,0.578
VC 1  merger,18,all,249422,0.556,0.944,-2.691,0.066,0.019,0.743,0.278,0.299
VC 2  post-merger,11,pairs,29344,0.455,0.818,-2.776,0.125,0.034,0.650,0.091,0.246
VC 2  post-merger,11,bars,2342,0.455,0.636,-3.072,0.199,0.190,0.017,0.091,0.578
VC 2  post-merger,11,all,249422,0.455,0.727,-2.795,0.139,0.044,0.443,0.091,0.299
all stages,38,pairs,29344,0.500,0.816,-2.795,0.067,0.046,0.013,0.263,0.246
all stages,38,bars,2342,0.553,0.763,-2.850,0.081,0.097,0.000,0.263,0.578
all stages,38,all,249422,0.500,0.789,-2.788,0.069,0.031,0.053,0.263,0.299
