label,system,role,source,targetid,survey,program,healpix,z,file,ha_flux,ha_err,ha_snr,ha_ew,nii_flux,nii_err,nii_snr,nii_ew,hb_flux,hb_err,hb_snr,hb_ew,oiii_flux,oiii_err,oiii_snr,oiii_ew,sii6716_flux,sii6716_err,sii6716_snr,sii6716_ew,sii6731_flux,sii6731_err,sii6731_snr,sii6731_ew,oi_flux,oi_err,oi_snr,oi_ew,log_nii_ha,log_nii_ha_err,log_oiii_hb,log_oiii_hb_err,sii_flux,log_sii_ha,log_oi_ha,balmer_dec,min_snr_bpt,bpt_class,vdisp,logmstar,age,sfr,dn4000,dn4000_model,rchi2,apercorr,halpha_broad_flux
LEDA1232789,LEDA1232789,main,DESI DR1,39627854287212798,main,bright,26294,0.02594,output/fastspecfit/fastspec-LEDA1232789.fits,85.826,2.3301,36.833,15.906,30.63,1.5034,20.374,5.6068,24.659,2.5073,9.8349,3.6744,6.9259,1.8617,3.7202,1.0436,19.384,1.5039,12.889,3.4351,13.721,1.3468,10.188,2.4912,4.1435,1.1368,3.6448,0.7122,-0.44746,0.02436,-0.55149,0.12481,33.105,-0.41373,-1.3162,3.4806,3.7202,SF,65.581,9.7297,12.471,1.491,1.2127,1.2507,1.0209,23.399,0
LEDA1050044,LEDA1050044,main,DESI DR1,39627664981495030,main,bright,23066,0.031499,output/fastspecfit/fastspec-LEDA1050044.fits,966.08,9.5282,101.39,40.245,362.27,4.8407,74.839,15.28,222.72,6.927,32.152,9.1116,43.966,4.1044,10.712,1.7339,145.41,3.9061,37.227,6.1461,118.26,4.0084,29.504,4.9892,23.926,3.4838,6.8678,1.0045,-0.42598,0.0072126,-0.70464,0.042734,263.67,-0.56395,-1.6061,4.3377,10.712,SF,80.139,10.212,12.413,5.8365,1.2482,1.2494,1.2656,6.3116,0
UGC6142,UGC6142,main,DESI DR1,2842629133828099,main,dark,27107,0.025197,output/fastspecfit/fastspec-UGC6142.fits,131.97,5.2447,25.162,1.9731,247.32,5.4676,45.234,3.8375,37.792,4.9269,7.6705,0.70402,77.328,4.263,18.139,1.4514,104.16,3.5744,29.14,1.6032,76.15,4.9234,15.467,1.1822,35.425,4.537,7.808,0.55324,0.27279,0.019751,0.31094,0.061473,180.31,0.13554,-0.57116,3.492,7.6705,AGN,183.18,9.8527,11.728,0.0029769,2.0875,1.9055,2.0461,1,0
IC3378,IC3378,main,DESI DR1,39628198719263215,main,bright,28039,0.045275,output/fastspecfit/fastspec-IC3378.fits,766.89,7.2869,105.24,32.382,309.16,4.0114,77.07,12.927,199.82,5.2512,38.052,7.534,57.448,3.3054,17.38,1.9802,148.3,2.5276,58.67,6.2039,112.66,2.9728,37.895,4.8697,23.355,2.0946,11.15,0.95024,-0.39455,0.0069844,-0.54136,0.027472,260.95,-0.46817,-1.5164,3.838,17.38,SF,73.102,10.145,5.9861,6.1372,1.2262,1.2714,1.2619,7.7158,0
LEDA176192,LEDA176192,main,DESI DR1,39627791632699670,main,bright,23194,0.020392,output/fastspecfit/fastspec-LEDA176192.fits,466.74,4.9955,93.432,12.849,168.41,3.3069,50.925,4.5801,105.99,4.1674,25.434,2.6555,88.09,4.4244,19.91,2.0362,125.07,3.1151,40.149,3.3011,73.661,3.7599,19.591,1.9683,21.605,2.5199,8.5738,0.56557,-0.44272,0.0097126,-0.080352,0.027702,198.73,-0.37082,-1.3345,4.4035,19.91,SF,65.581,9.9385,12.024,2.1639,1.2356,1.2806,1.2986,7.1003,0
LEDA181851,LEDA181851,main,DESI DR1,39627799287303060,main,bright,27243,0.020665,output/fastspecfit/fastspec-LEDA181851.fits,1198.5,6.9729,171.88,80.945,232.3,2.1329,108.91,15.377,341.43,5.2752,64.723,16.917,334.13,4.9184,67.935,16.133,208.69,2.4893,83.838,13.723,146.27,2.3772,61.529,9.5054,24.037,1.447,16.612,1.4831,-0.71259,0.0047206,-0.0093827,0.0092678,354.96,-0.52846,-1.6978,3.5103,64.723,SF,65.581,9.289,5.9754,1.9526,1.1672,1.183,1.4236,13.985,0
IC3147B,IC3147B,main,DESI DR1,39628075859711056,main,bright,27769,0.025627,output/fastspecfit/fastspec-IC3147B.fits,728.85,5.0846,143.35,28.297,423.69,3.8282,110.68,16.424,189.06,4.5734,41.339,7.6415,61.692,3.637,16.963,2.5072,173.59,2.7523,63.071,6.9645,131.06,3.4317,38.191,5.2837,68.541,4.3342,15.814,2.7808,-0.23559,0.0049575,-0.48637,0.027675,304.65,-0.37884,-1.0267,3.8551,16.963,composite,162.02,10.286,12.106,2.1309,1.3458,1.4156,2.0409,11.235,0
LEDA1436844,LEDA1436844,main,DESI DR1,39628116066305705,main,bright,4642,0.015799,output/fastspecfit/fastspec-LEDA1436844.fits,197.74,2.8981,68.231,30.222,56.979,1.7077,33.366,8.4333,59.589,3.3557,17.757,7.6233,9.1935,2.0352,4.5173,1.0953,47.852,1.7018,28.119,7.2594,33.09,1.3929,23.755,5.0461,2.6595,1.1799,2.254,0.38035,-0.54038,0.014489,-0.81168,0.099202,80.942,-0.38792,-1.8713,3.3184,4.5173,SF,65.581,9.0659,6.7225,0.73029,1.2392,1.2317,1.0075,24.161,0
2dFGRSTGN321Z156_comp,2dFGRSTGN321Z156,comp,DESI DR1,39627781855775543,main,bright,26262,0.023131,output/fastspecfit/fastspec-2dFGRSTGN321Z156_comp.fits,4451.9,15.403,289.03,101.86,1855.8,7.8069,237.71,40.894,979.55,8.5336,114.79,21.142,229.86,4.6599,49.328,4.7541,603.14,5.48,110.06,14.224,490.34,4.1579,117.93,11.882,61.761,3.1671,19.501,1.4428,-0.38,0.0023655,-0.62956,0.0095828,1093.5,-0.60973,-1.8578,4.5448,49.328,SF,65.581,10.115,10.296,6.3605,1.1399,1.2136,2.5253,9.1758,0
2dFGRSTGN313Z174,2dFGRSTGN313Z174,main,DESI DR1,39627757533007477,sv1,bright,25598,0.019234,output/fastspecfit/fastspec-2dFGRSTGN313Z174.fits,46.385,0.75237,61.652,8.5424,20.188,0.52599,38.382,3.7035,15.446,0.75003,20.593,2.5235,4.4496,0.73714,6.0363,0.70304,12.883,0.50613,25.454,2.364,8.363,0.44132,18.95,1.5629,2.3056,0.51719,4.458,0.39187,-0.36128,0.013329,-0.54048,0.074974,21.246,-0.3391,-1.3036,3.0031,6.0363,SF,65.581,9.4646,5.7725,0.011129,1.3247,1.3966,1.1201,54.92,0
2MASXJ11422226+0845548_sdss,2MASXJ11422226+0845548,main,SDSS DR17,1225527600217,sdss,dr17,1225,0.021941,output/fastspecfit/fastspec-2MASXJ11422226+0845548_sdss.fits,0,,,0,0,,,0,64.797,9.0209,7.1829,0.70185,49.667,10.419,4.7671,0.51399,0,,,0,0,,,0,0,,,0,,,-0.11548,0.10934,0,,,0,0,low S/N,136.82,10.479,11.652,0.563,1.737,1.8825,1.1585,6.6621,0
LEDA181851_sdss,LEDA181851,main,SDSS DR17,267516080474,sdss,dr17,267,0.020633,output/fastspecfit/fastspec-LEDA181851_sdss.fits,1581.2,14.542,108.73,57.231,355.46,4.6151,77.022,12.89,536.62,7.8152,68.663,15.383,517.55,6.2589,82.689,14.009,333.08,5.1913,64.16,12.014,230.12,4.2904,53.637,8.3797,45.533,2.825,16.118,1.5571,-0.64818,0.0069099,-0.015715,0.0082214,563.2,-0.44832,-1.5406,2.9466,68.663,SF,112.57,9.6005,12.257,2.2733,1.1701,1.1817,0.87527,7.5732,0
LEDA1436844_sdss,LEDA1436844,main,SDSS DR17,2265536740521,sdss,dr17,2265,0.015813,output/fastspecfit/fastspec-LEDA1436844_sdss.fits,253.64,3.8257,66.301,21.926,76.356,2.1661,35.251,6.6257,72.482,2.9032,24.966,5.1172,17.558,2.364,7.4271,1.2065,60.56,2.2983,26.35,5.2182,42.225,2.2423,18.831,3.61,7.3763,2.0381,3.6192,0.60454,-0.52139,0.013953,-0.61575,0.061007,102.78,-0.3923,-1.5364,3.4994,7.4271,SF,65.581,9.0702,6.1033,0.66623,1.2227,1.2473,0.40934,13.72,0
NVSSJ100720+040434_sdss,NVSSJ100720+040434,main,SDSS DR17,573523250511,sdss,dr17,573,0.02862,output/fastspecfit/fastspec-NVSSJ100720+040434_sdss.fits,2679.2,30.718,87.218,49.154,1327.7,15.015,88.422,23.834,639.77,12.189,52.486,12.424,158.28,7.9262,19.969,2.8598,440.3,8.0626,54.61,7.8407,387.19,9.0186,42.932,7.0665,46.363,6.9546,6.6666,0.83819,-0.3049,0.0069942,-0.60661,0.02327,827.49,-0.51024,-1.7618,4.1877,19.969,SF,132.5,9.5084,6.2266,1.1494,1.3045,1.3198,0.44886,1,253.23
Mrk1302_sdss,Mrk1302,main,SDSS DR17,513519890603,sdss,dr17,513,0.018612,output/fastspecfit/fastspec-Mrk1302_sdss.fits,3701.7,30.163,122.72,29.74,1538.2,15.136,101.62,12.316,887.15,11.722,75.68,8.0537,135.83,7.315,18.568,1.1893,641.77,12.661,50.689,5.1442,490.68,10.904,45.001,3.9714,77.299,7.3136,10.569,0.62915,-0.38139,0.0055486,-0.81502,0.024083,1132.4,-0.51439,-1.6802,4.1726,18.568,SF,90.323,9.6876,8.5933,1.3227,1.3177,1.3494,0.61339,1,0
Z64-106_sdss,Z64-106,main,SDSS DR17,1746530620435,sdss,dr17,1746,0.023458,output/fastspecfit/fastspec-Z64-106_sdss.fits,356.48,11.471,31.076,4.7811,277.89,9.5456,29.112,3.8662,76.887,5.3609,14.342,1.1478,77.642,7.9415,9.7768,1.1481,97.701,6.8761,14.209,1.3351,82.846,7.7176,10.735,1.1472,21.804,6.4742,3.3678,0.29569,-0.10816,0.020442,0.0042437,0.05376,180.55,-0.29545,-1.2135,4.6365,9.7768,composite,126.8,9.502,6.3162,0.24651,1.6074,1.5847,0.36399,1,0
IC2867_sdss,IC2867,main,SDSS DR17,1223527810169,sdss,dr17,1223,0.020914,output/fastspecfit/fastspec-IC2867_sdss.fits,189.8,3.562,53.284,19.639,37.552,2.2614,16.605,3.7005,56.519,3.7429,15.1,4.5456,93.908,4.1683,22.529,6.9908,41.596,2.3233,17.904,4.3592,33.951,2.7032,12.56,3.4949,9.2329,2.0788,4.4414,0.85301,-0.70366,0.027394,0.22051,0.034623,75.547,-0.40007,-1.313,3.3581,15.1,SF,65.581,9.1743,5.5733,0.15717,1.3007,1.322,0.39739,14.643,0
BKD2008WR561_sdss,BKD2008WR561,main,SDSS DR17,2429537990267,sdss,dr17,2429,0.0070934,output/fastspecfit/fastspec-BKD2008WR561_sdss.fits,7337.9,49.014,149.71,173.39,1900,21.112,89.995,44.095,2128.3,26.886,79.16,42.542,2127.7,23.461,90.69,38.81,869,11.98,72.541,20.365,660.64,9.6344,68.57,15.592,65.413,4.3357,15.087,1.475,-0.58682,0.0056305,-0.00013373,0.0072823,1529.6,-0.68098,-2.0499,3.4478,79.16,SF,65.581,9.3188,12.304,1.0551,1.2133,1.2012,1.0816,15.934,277.08
NVSSJ084256+133826_sdss,NVSSJ084256+133826,main,SDSS DR17,2428538010416,sdss,dr17,2428,0.016808,output/fastspecfit/fastspec-NVSSJ084256+133826_sdss.fits,561.12,7.1211,78.796,17.805,227.46,4.2766,53.187,7.0462,172.7,4.1386,41.729,4.4832,88.305,4.228,20.886,2.1131,138.7,4.5728,30.332,4.315,95.146,4.3859,21.694,3.0027,23.822,3.1113,7.6566,0.69739,-0.39215,0.0098515,-0.2913,0.023253,233.85,-0.38012,-1.3721,3.2491,20.886,SF,65.581,9.9568,11.179,6.3058,1.1545,1.1855,0.41506,25.129,0
NGC2864_sdss,NGC2864,main,SDSS DR17,991527070531,sdss,dr17,991,0.033965,output/fastspecfit/fastspec-NGC2864_sdss.fits,775.25,9.5831,80.898,22.592,386.51,5.7643,67.052,11.338,185.62,5.9077,31.42,5.8954,38.591,3.933,9.8121,1.2125,117.18,5.3248,22.007,3.5052,106.26,4.5709,23.247,3.1708,21.252,3.4435,6.1717,0.62913,-0.30228,0.0084125,-0.68214,0.046369,223.44,-0.54027,-1.562,4.1766,9.8121,SF,122.61,9.7127,11.868,1.1115,1.3345,1.3235,0.59077,1,0
LEDA1348189_sdss,LEDA1348189,main,SDSS DR17,2886544980017,sdss,dr17,2886,0.03579,output/fastspecfit/fastspec-LEDA1348189_sdss.fits,249.9,4.3383,57.602,18.382,86.826,3.1578,27.496,6.4655,61.088,2.933,20.828,3.9659,23.124,2.7183,8.5067,1.4393,58.753,2.4319,24.159,4.1614,40.986,2.8445,14.409,2.9403,9.2878,2.6087,3.5602,0.63853,-0.45912,0.017502,-0.4219,0.055147,99.739,-0.3989,-1.4299,4.0908,8.5067,SF,65.581,9.9711,6.0657,1.7958,1.2889,1.3561,0.4234,14.79,0
2dFGRSTGN321Z156_sdss,2dFGRSTGN321Z156,main,SDSS DR17,290519410193,sdss,dr17,290,0.023133,output/fastspecfit/fastspec-2dFGRSTGN321Z156_sdss.fits,19.459,2.7859,6.9848,0.73888,16.628,2.8536,5.827,0.61603,1.4792e-09,0.13356,1.1075e-08,4.5923e-11,16.265,3.8125,4.2662,0.46272,11.502,3.5012,3.2851,0.42118,10.141,3.3459,3.0308,0.37236,9.231,3.0584,3.0182,0.32033,-0.068285,0.097061,10.041,3.9215e+07,21.643,0.046195,-0.32387,1.3155e+10,1.1075e-08,low S/N,65.581,9.2638,7.314,0.76709,1.2755,1.2687,0.40579,4.2124,0
IC775_sdss,IC775,main,SDSS DR17,1614531200346,sdss,dr17,1614,0.025788,output/fastspecfit/fastspec-IC775_sdss.fits,17.971,33.177,0.54166,0.073304,272.26,24.766,10.993,1.1158,0.0003714,12.931,2.8722e-05,1.6226e-06,54.793,13.863,3.9523,0.25919,87.25,21.574,4.0442,0.36829,84.977,20.422,4.161,0.36033,24.087,17.864,1.3484,0.10143,1.1804,0.80275,5.1689,15120,172.23,0.98154,0.12722,48386,2.8722e-05,low S/N,329.09,11.094,12.667,1.0192,2.038,2.1972,0.65744,8.1276,0
MCG-01-09-041_sdss,MCG-01-09-041,main,SDSS DR17,461519100367,sdss,dr17,461,0.013916,output/fastspecfit/fastspec-MCG-01-09-041_sdss.fits,895.78,11.426,78.399,23.627,415.7,7.3724,56.386,11.024,0,,,0,0,,,0,251.24,6.4989,38.659,6.5298,193.36,6.0586,31.914,5.0704,54.798,4.09,13.398,1.5026,-0.33342,0.0094873,,,444.6,-0.30423,-1.2134,,0,low S/N,65.581,10.39,11.622,0.022858,0,2.1488,0.43675,26.129,0
IC2810_sdss,IC2810,main,SDSS DR17,1754533850310,sdss,dr17,1754,0.034013,output/fastspecfit/fastspec-IC2810_sdss.fits,3000.6,23.246,129.08,43.754,1811.3,15.872,114.12,26.841,386.78,8.5605,45.182,7.4522,146.8,5.5524,26.438,2.7367,488.04,10.816,45.121,7.1588,411.71,10.003,41.158,6.0876,103.18,7.1009,14.531,1.6319,-0.21923,0.0050796,-0.42075,0.019032,899.75,-0.52309,-1.4636,7.758,26.438,composite,152.23,11.26,12.595,19.512,1.319,1.4489,0.99078,11.038,0
Z44-80_sdss,Z44-80,main,SDSS DR17,852523750397,sdss,dr17,852,0.024869,output/fastspecfit/fastspec-Z44-80_sdss.fits,1817.3,20.966,86.676,33.664,682.42,9.5226,71.664,12.2,476.5,12.983,36.701,7.243,872.93,13.244,65.913,11.999,410.29,9.5543,42.943,7.1173,320.39,7.4634,42.928,5.6448,90.761,5.9491,15.256,1.524,-0.42537,0.0078633,0.26292,0.013544,730.68,-0.39569,-1.3015,3.8138,36.701,composite,148.35,9.2381,11.937,1.7293,1.152,1.1731,0.46679,1,115.84
IC3378_sdss,IC3378,main,SDSS DR17,2598542320192,sdss,dr17,2598,0.045284,output/fastspecfit/fastspec-IC3378_sdss.fits,744.95,9.5071,78.357,27.119,338.55,5.3474,63.31,11.958,185.54,4.8942,37.91,6.2553,62.676,4.3595,14.377,1.956,153.31,4.878,31.429,5.4049,120.34,4.4417,27.094,4.2969,27.313,3.49,7.826,0.95134,-0.34251,0.0088191,-0.47134,0.032307,273.65,-0.43493,-1.4358,4.015,14.377,SF,81.734,10.238,6.2015,7.295,1.3012,1.2918,0.40606,6.5112,0
LEDA3091410_sdss,LEDA3091410,main,SDSS DR17,2571540550598,sdss,dr17,2571,0.026581,output/fastspecfit/fastspec-LEDA3091410_sdss.fits,0,,,0,0,,,0,214.57,3.8376,55.913,10.996,415.83,4.1059,101.28,19.687,0,,,0,0,,,0,0,,,0,,,0.28735,0.0088724,0,,,0,0,low S/N,65.581,8.9771,5.4124,0.35316,1.2101,1.2448,0.58707,4.3753,0
LEDA176192_sdss,LEDA176192,main,SDSS DR17,414518690490,sdss,dr17,414,0.020425,output/fastspecfit/fastspec-LEDA176192_sdss.fits,728.72,8.4205,86.541,13.674,274.26,4.5203,60.674,5.006,185.64,3.6499,50.862,3.4845,148.4,4.6304,32.049,2.5242,195.87,4.9833,39.306,3.5691,127.47,4.3233,29.484,2.3402,31.34,3.9685,7.8973,0.55372,-0.4244,0.0087418,-0.097243,0.016017,323.34,-0.3529,-1.3665,3.9254,32.049,SF,69.996,9.1847,5.356,1.0547,1.2437,1.2745,0.44288,1,0
UGC6142_sdss,UGC6142,main,SDSS DR17,580523680028,sdss,dr17,580,0.02511,output/fastspecfit/fastspec-UGC6142_sdss.fits,0,,,0,0,,,0,39.616,9.648,4.1062,0.39253,111.81,16.479,6.7851,1.1301,0,,,0,0,,,0,0,,,0,,,0.45061,0.12363,0,,,0,0,low S/N,182.89,11.001,11.312,0.72407,1.8545,2.0166,0.78106,12.774,0
2MASXJ09551395+1417576_sdss,2MASXJ09551395+1417576,main,SDSS DR17,2584541530235,sdss,dr17,2584,0.024212,output/fastspecfit/fastspec-2MASXJ09551395+1417576_sdss.fits,1450.9,14.225,101.99,38.934,694.94,8.3137,83.591,18.544,225.44,5.8298,38.671,7.9255,53.368,4.3075,12.39,1.7176,251.81,6.5073,38.697,6.7457,198.29,5.8065,34.149,5.3571,47.502,4.3383,10.949,1.3231,-0.31967,0.0067175,-0.62575,0.036808,450.1,-0.50831,-1.4849,6.4356,12.39,SF,118.61,10.8,12.583,7.8608,1.3517,1.4244,0.48456,12.935,0
LEDA1232789_sdss,LEDA1232789,main,SDSS DR17,519522830554,sdss,dr17,519,0.025951,output/fastspecfit/fastspec-LEDA1232789_sdss.fits,185.92,3.0555,60.849,16.498,66.473,2.4533,27.096,5.8326,43.297,2.9963,14.45,3.8122,14.726,2.0577,7.1568,1.2026,45.181,2.5601,17.648,3.9823,29.821,1.7492,17.049,2.6687,3.1874,1.8009,1.7699,0.27262,-0.44669,0.017545,-0.46836,0.067718,75.002,-0.39426,-1.7659,4.2941,7.1568,SF,65.581,9.7496,11.323,1.0684,1.2575,1.3256,0.40202,12.099,0
LEDA11650_sdss,LEDA11650,main,SDSS DR17,412522580302,sdss,dr17,412,0.028679,output/fastspecfit/fastspec-LEDA11650_sdss.fits,2607.7,22.089,118.05,34.865,1075.1,10.911,98.537,14.486,770.08,11.894,64.745,9.9461,443.08,8.5112,52.058,5.6146,581.54,9.8431,59.082,7.8286,401.89,8.6898,46.249,5.4991,74.541,6.5339,11.408,0.98685,-0.38479,0.005741,-0.24005,0.010705,983.44,-0.42351,-1.5439,3.3862,52.058,SF,138.41,10.171,11.921,2.7896,1.2946,1.3098,0.59259,3.2243,0
IC3147B_sdss,IC3147B,main,SDSS DR17,1613531150145,sdss,dr17,1613,0.025578,output/fastspecfit/fastspec-IC3147B_sdss.fits,1112.7,12.331,90.232,25.68,577.19,8.7606,65.885,13.28,269.59,7.8242,34.456,6.874,94.474,6.7277,14.043,2.4163,237,7.0373,33.677,5.6397,178.76,7.0468,25.368,4.2982,56.816,4.7463,11.971,1.3587,-0.28505,0.0081619,-0.4554,0.033397,415.76,-0.42753,-1.2919,4.1272,14.043,composite,124.55,10.372,12.601,2.3194,1.4054,1.4366,0.49563,6.8436,0
Z63-63_sdss,Z63-63,main,SDSS DR17,2582541390132,sdss,dr17,2582,0.024198,output/fastspecfit/fastspec-Z63-63_sdss.fits,783.56,9.5862,81.738,32.149,305.33,4.7606,64.137,12.39,211.47,6.0299,35.07,8.0268,71.293,5.1809,13.761,2.5277,188.13,3.6494,51.55,7.4344,136.32,4.6455,29.344,5.5239,23.327,3.4654,6.7313,0.90492,-0.40931,0.0086071,-0.47221,0.033903,324.45,-0.38293,-1.5262,3.7053,13.761,SF,65.581,10.038,6.6444,3.5256,1.2914,1.3075,0.39825,18.691,63.367
