label,system,role,source,spec_id,z_in,sps,chi2,v_star,sigma_star,v_balmer,sigma_balmer,v_forbidden,sigma_forbidden,z_fit,age_lw_gyr,metal_lw,hd_flux,hd_err,hg_flux,hg_err,hb_flux,hb_err,ha_flux,ha_err,oii3726_flux,oii3726_err,oii3729_flux,oii3729_err,sii6716_flux,sii6716_err,sii6731_flux,sii6731_err,oiii_flux,oiii_err,oi_flux,oi_err,nii_flux,nii_err,ha_snr,hb_snr,oiii_snr,nii_snr,sii6716_snr,sii6731_snr,oi_snr,log_nii_ha,log_nii_ha_err,log_oiii_hb,log_oiii_hb_err,sii_flux,log_sii_ha,log_oi_ha,balmer_dec,min_snr_bpt,bpt_class,ha_flux_fsf,hb_flux_fsf,oiii_flux_fsf,nii_flux_fsf,log_nii_ha_fsf,log_oiii_hb_fsf,bpt_class_fsf,hb_fsf,hb_fsf_err,oiii_fsf,oiii_fsf_err,ha_fsf,ha_fsf_err,nii_fsf,nii_fsf_err,hb_sdsspipe,hb_sdsspipe_err,oiii_sdsspipe,oiii_sdsspipe_err,ha_sdsspipe,ha_sdsspipe_err,nii_sdsspipe,nii_sdsspipe_err
LEDA1232789,LEDA1232789,main,DESI,39627854287212798,0.02594,emiles,0.74337,7656.3,1.5872,7675.9,31.915,7676.4,32.819,0.025935,9.105,-0.41103,4.4233,2.703,8.7887,2.5558,23.456,2.0157,82.92,1.7916,18.186,3.2831,25.429,2.8412,19.254,1.4561,14.162,1.2803,6.8129,1.8662,2.8555,1.2789,30.289,1.3852,46.283,11.637,3.6507,21.866,13.223,11.061,2.2329,-0.43738,0.021967,-0.53693,0.12468,33.416,-0.39471,-1.463,3.5351,3.6507,SF,85.826,24.659,6.9259,30.63,-0.44746,-0.55149,SF,24.659,2.5073,6.9259,1.8617,85.826,2.3301,30.63,1.5034,,,,,,,,
LEDA1050044,LEDA1050044,main,DESI,39627664981495030,0.031499,emiles,0.96446,9316.9,52.503,9296.4,51.375,9301.2,53.884,0.031495,9.0977,-0.58287,51.121,3.2841,56.253,3.1321,151.86,4.1444,767.19,6.1777,47.129,5.2201,50.627,4.8389,116.41,3.1286,94.82,2.9318,29.684,2.7932,18.733,2.4454,288.46,3.799,124.19,36.643,10.627,75.931,37.21,32.342,7.6605,-0.42481,0.0067039,-0.70892,0.042549,211.23,-0.56014,-1.6123,5.0519,10.627,SF,966.08,222.72,43.966,362.27,-0.42598,-0.70464,SF,222.72,6.927,43.966,4.1044,966.08,9.5282,362.27,4.8407,,,,,,,,
UGC6142,UGC6142,main,DESI,2842629133828099,0.025197,emiles,1.5844,7462.9,161.11,7447.3,159.25,7450.8,148.04,0.025153,9.8338,0.10677,8.2612,3.0849,16.345,3.418,31.434,3.5339,135.3,3.5064,74.206,4.8225,106.69,5.1684,85.611,3.6119,74.479,3.6227,75.251,3.4449,28.459,3.1379,219,3.5503,38.587,8.8951,21.844,61.685,23.702,20.559,9.0693,0.20913,0.013276,0.37911,0.052717,160.09,0.073055,-0.67709,4.3043,8.8951,AGN,131.97,37.792,77.328,247.32,0.27279,0.31094,AGN,37.792,4.9269,77.328,4.263,131.97,5.2447,247.32,5.4676,,,,,,,,
IC3378,IC3378,main,DESI,39628198719263215,0.045275,emiles,0.90208,13272,44.454,13274,58.712,13275,60.937,0.045274,8.9896,-0.59261,34.764,3.6139,74.213,3.4672,180.4,3.9261,716.74,4.889,132.8,6.3231,151.41,6.3412,140.57,2.8538,106.82,2.6995,54.821,3.0075,21.016,2.0706,292.01,3.3612,146.6,45.949,18.228,86.878,49.259,39.569,10.15,-0.38996,0.0058108,-0.51729,0.025632,247.39,-0.46197,-1.5328,3.9731,18.228,SF,766.89,199.82,57.448,309.16,-0.39455,-0.54136,SF,199.82,5.2512,57.448,3.3054,766.89,7.2869,309.16,4.0114,,,,,,,,
LEDA176192,LEDA176192,main,DESI,39627791632699670,0.020392,emiles,1.1004,6063.7,31.936,6051.1,38.014,6053.2,39.755,0.02039,8.8057,-0.43177,18.084,2.9708,34.538,2.7063,77.86,2.6123,369.67,3.5076,67.489,4.7905,75.783,5.0751,98.93,2.385,0,2.782,62.611,2.5527,14.736,1.8848,133.12,2.4437,105.39,29.805,24.528,54.474,41.48,0,7.8185,-0.44357,0.0089745,-0.094668,0.022931,98.93,-0.57248,-1.3994,4.7479,24.528,SF,466.74,105.99,88.09,168.41,-0.44272,-0.080352,SF,105.99,4.1674,88.09,4.4244,466.74,4.9955,168.41,3.3069,,,,,,,,
LEDA181851,LEDA181851,main,DESI,39627799287303060,0.020665,emiles,4.0697,6111.5,37.057,6130.2,39.091,6130.1,40.255,0.020658,8.9758,-0.47872,71.272,3.9771,138.92,3.7244,285,3.3098,1047.3,3.5301,370.54,7.3471,496.35,7.8235,188.24,1.7142,0,1.9218,283.77,3.0612,20.819,1.2566,207.42,1.6993,296.69,86.108,92.699,122.06,109.81,0,16.568,-0.70323,0.0038473,-0.0018741,0.0068839,188.24,-0.74537,-1.7016,3.6749,86.108,SF,1198.5,341.43,334.13,232.3,-0.71259,-0.0093827,SF,341.43,5.2752,334.13,4.9184,1198.5,6.9729,232.3,2.1329,,,,,,,,
IC3147B,IC3147B,main,DESI,39628075859711056,0.025627,emiles,2.0308,7537.2,93.231,7598.7,128.74,7559.8,148.27,0.02567,9.2396,-0.20594,49.357,3.2962,82.215,3.2091,180.41,3.3912,725.93,3.7721,87.187,5.2624,81.844,4.9882,203.1,2.9019,122.7,2.8021,55.075,3.0893,40.962,2.5717,400.88,3.1386,192.45,53.2,17.828,127.72,69.988,43.788,15.928,-0.25788,0.004081,-0.51531,0.025692,325.8,-0.34794,-1.2485,4.0237,17.828,composite,728.85,189.06,61.692,423.69,-0.23559,-0.48637,composite,189.06,4.5734,61.692,3.637,728.85,5.0846,423.69,3.8282,,,,,,,,
LEDA1436844,LEDA1436844,main,DESI,39628116066305705,0.015799,emiles,0.77074,4687.1,0.37825,4696.3,25.025,4698.7,28.89,0.015788,9.0068,-0.35713,11.415,2.7167,24.351,2.5154,51.865,2.2524,173.76,2.5034,25.633,4.54,55.251,4.6641,44.585,1.593,31.317,1.4976,8.4069,1.7726,2.1942,1.2698,51.485,1.5547,69.411,23.027,4.7426,33.116,27.989,20.912,1.728,-0.52828,0.01453,-0.79024,0.093495,75.903,-0.3597,-1.8987,3.3503,4.7426,SF,197.74,59.589,9.1935,56.979,-0.54038,-0.81168,SF,59.589,3.3557,9.1935,2.0352,197.74,2.8981,56.979,1.7077,,,,,,,,
2dFGRSTGN321Z156_comp,2dFGRSTGN321Z156,comp,DESI,39627781855775543,0.023131,emiles,6.8872,6846.8,124.01,6855.9,99.385,6855.7,99.766,0.023132,8.8208,-0.22176,207.94,4.3479,373.01,4.758,891.81,5.696,4258.7,11.257,379.82,7.9447,445.14,8.1454,,,480.07,4.2315,212.48,3.6329,53.857,2.8054,1780.3,6.1462,378.32,156.57,58.488,289.66,,113.45,19.198,-0.37879,0.0018883,-0.62295,0.0079265,,,-1.898,4.7754,58.488,SF,4451.9,979.55,229.86,1855.8,-0.38,-0.62956,SF,979.55,8.5336,229.86,4.6599,4451.9,15.403,1855.8,7.8069,,,,,,,,
2dFGRSTGN313Z174,2dFGRSTGN313Z174,main,DESI,39627757533007477,0.019234,emiles,0.85048,5719.4,0.37825,5709.4,27.305,5709.6,21.825,0.019227,9.2535,-0.36362,3.1448,0.99216,6.1015,0.8783,14.114,0.65112,45.006,0.55374,11.744,1.6505,15.528,1.9094,12.792,0.43311,7.8525,0.39476,4.3121,0.58891,1.9379,0.46913,19.172,0.44725,81.277,21.677,7.3222,42.866,29.536,19.892,4.1309,-0.37061,0.011454,-0.51497,0.062604,20.645,-0.33846,-1.3659,3.1887,7.3222,SF,46.385,15.446,4.4496,20.188,-0.36128,-0.54048,SF,15.446,0.75003,4.4496,0.73714,46.385,0.75237,20.188,0.52599,,,,,,,,
2MASXJ11422226+0845548_sdss,2MASXJ11422226+0845548,main,SDSS,1225-52760-217,0.021941,emiles,1.2747,6511.3,128.02,6538.5,109.39,6528.1,118.22,0.02205,9.5574,0.16315,49.842,7.2297,33.539,6.7656,106.75,7.8261,353.63,9.9979,16.529,14.783,34.371,14.842,75.721,9.5676,0,9.2258,44.485,7.6776,1.3697,8.0642,220.18,9.6194,35.37,13.64,5.7941,22.889,7.9143,0,0.16985,-0.20576,0.0226,-0.38014,0.081437,75.721,-0.66933,-2.4119,3.3128,5.7941,composite,0,64.797,49.667,0,,-0.11548,low S/N,64.797,9.0209,49.667,10.419,0,,0,,67.655,7.6433,68.163,11.651,322.32,12.197,250.7,16.714
LEDA181851_sdss,LEDA181851,main,SDSS,267-51608-474,0.020633,emiles,1.3218,6111.5,91.853,6122.1,44.356,6122.7,44.519,0.020631,9.0247,-0.64645,141.67,4.3904,242.46,4.6767,523.7,6.2861,1818.4,13.025,550.33,12.048,700.19,13.644,330.38,4.229,0,4.0329,501.35,5.7281,37.608,2.3029,355.26,3.9231,139.62,83.31,87.526,90.555,78.123,0,16.33,-0.70916,0.0057164,-0.018937,0.0071969,330.38,-0.74068,-1.6844,3.4723,83.31,SF,1581.2,536.62,517.55,355.46,-0.64818,-0.015715,SF,536.62,7.8152,517.55,6.2589,1581.2,14.542,355.46,4.6151,478.75,6.2783,498.36,5.7652,1806.2,14.396,352.31,4.6895
LEDA1436844_sdss,LEDA1436844,main,SDSS,2265-53674-521,0.015813,emiles,1.182,4692.6,40.428,4702,33.183,4704.1,36.288,0.015808,9.0477,-0.28074,16.438,2.5984,35.145,2.4156,73.294,2.3628,274.3,3.2673,,,,,59.482,1.7938,41.055,1.8785,17.486,1.9098,7.137,1.4753,76.869,1.7655,83.954,31.02,9.1558,43.54,33.161,21.855,4.8376,-0.55248,0.011236,-0.62238,0.049457,100.54,-0.4359,-1.5847,3.7425,9.1558,SF,253.64,72.482,17.558,76.356,-0.52139,-0.61575,SF,72.482,2.9032,17.558,2.364,253.64,3.8257,76.356,2.1661,61.861,2.4063,17.975,1.9691,261.48,3.5024,76.066,2.1219
NVSSJ100720+040434_sdss,NVSSJ100720+040434,main,SDSS,573-52325-511,0.02862,emiles,1.0001,8458.9,109.27,8464.5,87.8,8466.6,88.947,0.028637,9.2339,-0.48902,153.07,5.8127,287.18,6.3986,675.13,9.2751,3018.4,24.066,276.68,11.585,220.46,10.733,449.17,7.6593,395.82,7.3428,141.7,5.3893,36.739,5.2738,1407.9,11.819,125.42,72.79,26.294,119.12,58.644,53.906,6.9664,-0.33119,0.005028,-0.678,0.017562,844.99,-0.55293,-1.9146,4.4708,26.294,SF,2679.2,639.77,158.28,1327.7,-0.3049,-0.60661,SF,639.77,12.189,158.28,7.9262,2679.2,30.718,1327.7,15.015,624.78,9.3422,140.19,5.4818,2981.4,26.219,1376.2,14.61
Mrk1302_sdss,Mrk1302,main,SDSS,513-51989-603,0.018612,emiles,1.4491,5533.7,93.225,5525.7,56.171,5533.6,59.498,0.018603,9.1691,-0.13007,191.4,6.4296,359.49,7.0728,893.09,10.173,4183.9,26.642,,,,,656.31,9.2872,500.34,8.586,141.65,5.9544,65.493,5.7821,1609.7,12.642,157.04,87.787,23.789,127.33,70.668,58.274,11.327,-0.41483,0.0043911,-0.79969,0.018915,1156.6,-0.55838,-1.8054,4.6847,23.789,SF,3701.7,887.15,135.83,1538.2,-0.38139,-0.81502,SF,887.15,11.722,135.83,7.315,3701.7,30.163,1538.2,15.136,799.53,10.167,137.49,5.9689,4117.8,28.592,1601.8,15.384
Z64-106_sdss,Z64-106,main,SDSS,1746-53062-435,0.023458,emiles,0.8383,6954.2,107.27,6954.1,110.87,6954.9,114.19,0.023467,9.5002,-0.046983,25.251,4.898,42.029,4.5188,68.33,4.9804,342.9,6.9981,74.54,9.3225,54.194,9.0783,10159,6.1193,69.147,6.1285,76.561,6.129,12.46,5.084,250.81,6.6113,49,13.72,12.492,37.936,1660.1,11.283,2.4508,-0.13583,0.014478,0.049393,0.047019,10228,1.4746,-1.4397,5.0183,12.492,composite,356.48,76.887,77.642,277.89,-0.10816,0.0042437,composite,76.887,5.3609,77.642,7.9415,356.48,11.471,277.89,9.5456,32.683,4.8179,79.312,6.876,291.18,7.9274,244.22,8.727
BKD2008WR561_sdss,BKD2008WR561,main,SDSS,2429-53799-267,0.007093,emiles,4.6518,2118.4,57.504,2115.9,39.086,2119.2,39.121,0.0070828,9.4542,-1.2345,617.43,10.399,1127.4,13.458,2570.1,23.422,10481,57.786,,,,,965.81,10.169,725.58,8.5544,2404.4,18.152,59.887,3.5864,2241.3,16.431,181.38,109.73,132.46,136.4,94.978,84.82,16.699,-0.66991,0.0039838,-0.028937,0.0051395,1691.4,-0.79216,-2.2431,4.0781,109.73,SF,7337.9,2128.3,2127.7,1900,-0.58682,-0.00013373,SF,2128.3,26.886,2127.7,23.461,7337.9,49.014,1900,21.112,2474.3,24.048,2416.5,18.312,10430,70.904,2243.3,21.51
IC2867_sdss,IC2867,main,SDSS,1223-52781-169,0.020914,emiles,1.1949,6200.1,61.17,6202.4,28.468,6200.7,33.748,0.020904,9.3013,-0.83574,18.884,3.6304,23.588,3.2337,51.424,2.889,196.88,3.2561,80.515,8.8575,94.117,8.8681,39.433,2.0798,0,2.4685,87.166,3.2341,8.147,1.8083,35.955,1.922,60.465,17.8,26.952,18.707,18.96,0,4.5054,-0.73844,0.024301,0.22918,0.029239,39.433,-0.69834,-1.3832,3.8286,17.8,SF,189.8,56.519,93.908,37.552,-0.70366,0.22051,SF,56.519,3.7429,93.908,4.1683,189.8,3.562,37.552,2.2614,45.947,2.8198,86.874,3.4092,191.83,3.5716,35.799,2.301
LEDA1348189_sdss,LEDA1348189,main,SDSS,2886-54498-17,0.03579,emiles,1.1952,10531,36.705,10543,38.244,10543,42.124,0.035795,8.9673,-0.51317,15.9,2.8465,33.284,2.8346,61.834,2.7648,266.35,3.6468,61.582,6.0468,56.116,5.8566,57.585,2.2732,40.657,2.202,20.486,2.3274,6.8178,1.8403,86.807,2.3245,73.037,22.365,8.8022,37.344,25.332,18.464,3.7046,-0.48691,0.013062,-0.47976,0.053023,98.242,-0.43316,-1.5918,4.3076,8.8022,SF,249.9,61.088,23.124,86.826,-0.45912,-0.4219,SF,61.088,2.933,23.124,2.7183,249.9,4.3383,86.826,3.1578,52.431,2.7711,20.658,2.3817,248.99,3.9545,82.993,2.8301
NGC2864_sdss,NGC2864,main,SDSS,991-52707-531,0.033965,emiles,1.4776,10027,102.55,10018,86.708,10020,82.317,0.03398,9.4354,-0.43845,45.658,3.9805,67.56,3.8367,160.11,4.4912,766.91,8.1796,69.968,6.8869,55.027,6.7166,109.83,3.8896,101.1,3.7856,34.62,3.3138,14.084,2.9964,365.82,5.1197,93.758,35.649,10.447,71.453,28.236,26.707,4.7001,-0.32147,0.0076419,-0.66508,0.043318,210.93,-0.56061,-1.736,4.79,10.447,SF,775.25,185.62,38.591,386.51,-0.30228,-0.68214,SF,185.62,5.9077,38.591,3.933,775.25,9.5831,386.51,5.7643,144.73,4.5046,34.563,3.3321,743.35,8.7711,358.55,6.2313
NVSSJ084256+133826_sdss,NVSSJ084256+133826,main,SDSS,2428-53801-416,0.016808,emiles,1.1198,4994.9,43.917,4995.7,38.414,4998.9,42.51,0.016803,8.643,-0.32429,48.932,4.044,88.129,4.0627,174.5,4.1669,617.95,6.1924,,,,,135.63,3.4916,94.172,3.0425,80.849,3.604,19.454,2.5669,232.45,3.5971,99.792,41.877,22.433,64.622,38.846,30.952,7.579,-0.42462,0.0080066,-0.33412,0.021962,229.8,-0.4296,-1.5019,3.5413,22.433,SF,561.12,172.7,88.305,227.46,-0.39215,-0.2913,SF,172.7,4.1386,88.305,4.228,561.12,7.1211,227.46,4.2766,161.12,4.1901,80.333,3.6711,590.16,6.5843,226.71,4.3075
2dFGRSTGN321Z156_sdss,2dFGRSTGN321Z156,main,SDSS,290-51941-193,0.023133,emiles,1.0635,6850.1,40.476,6840.8,75.501,6879.3,72.798,0.023081,9.0229,-0.09677,4.4189,4.7555,1.8147,4.0949,5.2778,3.5896,40.174,2.627,13.418,10.964,15.033,11.144,,,10.813,2.9687,16.746,3.6505,5.3424,2.7192,22.049,2.6589,15.292,1.4703,4.5874,8.2927,,3.6424,1.9647,-0.26055,0.059575,0.50147,0.31018,,,-0.8762,7.6118,1.4703,low S/N,19.459,1.4792e-09,16.265,16.628,-0.068285,10.041,low S/N,1.4792e-09,0.13356,16.265,3.8125,19.459,2.7859,16.628,2.8536,17.291,5.1294,19.967,6.2765,44.717,4.2814,18.896,5.1553
IC775_sdss,IC775,main,SDSS,1614-53120-346,0.025788,emiles,0.99106,7646.6,296.65,7942.3,1000,7637.3,150.33,0.026847,10.108,0.17476,0,25.197,0,28.45,144.67,35.293,334.48,53.474,28.671,14.335,43.93,14.28,61.05,18.225,61.218,18.436,39.874,13.552,3.2251,16.783,148.41,21.883,6.255,4.0991,2.9424,6.782,3.3498,3.3205,0.19217,-0.3529,0.094453,-0.55969,0.18169,122.27,-0.43705,-2.0158,2.312,2.9424,low S/N,17.971,0.0003714,54.793,272.26,1.1804,5.1689,low S/N,0.0003714,12.931,54.793,13.863,17.971,33.177,272.26,24.766,22.989,18.587,47.224,23.803,30.498,29.042,225.86,35.848
MCG-01-09-041_sdss,MCG-01-09-041,main,SDSS,461-51910-367,0.013916,emiles,1.1628,4149.6,76.471,4143.2,60.477,4143,64.159,0.013916,9.3214,-0.42164,16.881,3.9809,48.69,3.7428,137.89,4.3058,955.2,9.9561,,,,,235.46,5.0052,181.63,4.7308,49.978,3.5566,45.266,3.3869,414.78,5.6486,95.941,32.025,14.052,73.43,47.043,38.393,13.365,-0.36228,0.0074479,-0.44077,0.03375,417.09,-0.35987,-1.3243,6.927,14.052,SF,895.78,0,0,415.7,-0.33342,,low S/N,0,,0,,895.78,11.426,415.7,7.3724,106.86,4.3276,49.317,3.592,935.5,10.556,409.37,6.7343
IC2810_sdss,IC2810,main,SDSS,1754-53385-310,0.034013,emiles,1.4297,10075,141.01,10017,139.44,10029,139.42,0.033978,9.2096,-0.37329,83.311,4.6236,141.93,4.9285,395.84,6.7768,3028.8,22.279,185.67,10.723,187.17,10.747,461.52,8.6411,394.91,8.1361,132.5,5.3405,88.161,5.643,1789.5,13.906,135.95,58.411,24.81,128.68,53.41,48.538,15.623,-0.22855,0.0046471,-0.47532,0.019018,856.43,-0.54858,-1.536,7.6516,24.81,composite,3000.6,386.78,146.8,1811.3,-0.21923,-0.42075,composite,386.78,8.5605,146.8,5.5524,3000.6,23.246,1811.3,15.872,316.19,6.7197,135.9,5.3214,2990.4,24.019,1734.7,17.109
IC3378_sdss,IC3378,main,SDSS,2598-54232-192,0.045284,emiles,1.0114,13278,77.972,13276,63.272,13276,66.888,0.045281,8.9271,-0.35673,40.643,4.1133,82.178,4.0214,188.09,4.5651,792.17,8.1038,131.56,8.3383,142.95,8.5199,150.91,3.8382,118.2,3.6695,60.759,3.6307,22.723,2.8112,334.11,5.0885,97.753,41.201,16.735,65.659,39.317,32.21,8.0831,-0.37494,0.0079679,-0.49074,0.028011,269.1,-0.4689,-1.5424,4.2118,16.735,SF,744.95,185.54,62.676,338.55,-0.34251,-0.47134,SF,185.54,4.8942,62.676,4.3595,744.95,9.5071,338.55,5.3474,160.59,4.5123,58.158,3.5499,772.74,8.7614,344.07,6.2641
Z44-80_sdss,Z44-80,main,SDSS,852-52375-397,0.024869,emiles,1.0904,7359.6,62.969,7363.4,48.043,7365.4,48.734,0.024866,8.794,-0.36427,124.52,5.7311,240.35,6.3147,518.54,8.6497,2186.2,17.759,680.89,16.468,633.56,16.189,3685.3,7.2822,328.09,6.7574,905.23,11.165,84.613,4.5468,721.77,8.5823,123.1,59.949,81.077,84.1,506.07,48.553,18.609,-0.4813,0.006254,0.24198,0.0090096,4013.4,0.26382,-1.4123,4.2162,59.949,composite,1817.3,476.5,872.93,682.42,-0.42537,0.26292,composite,476.5,12.983,872.93,13.244,1817.3,20.966,682.42,9.5226,434.51,8.6699,903.9,11.256,2137.4,19.373,716.5,10.526
LEDA3091410_sdss,LEDA3091410,main,SDSS,2571-54055-598,0.026581,emiles,1.2253,7876,62.447,7866,40.851,7864,37.719,0.026585,8.8031,-0.63838,54.754,2.9936,92.475,2.9363,213.27,3.6719,703.57,5.6916,255.92,6.8369,281.53,7.7681,121.79,2.4959,76.197,2.1979,445.21,4.8128,19.628,1.8385,128.35,2.2138,123.61,58.082,92.506,57.979,48.796,34.667,10.676,-0.7389,0.0082735,0.31964,0.008829,197.99,-0.55067,-1.5544,3.299,57.979,SF,0,214.57,415.83,0,,0.28735,low S/N,214.57,3.8376,415.83,4.1059,0,,0,,196.36,3.7159,444.02,4.8556,694.34,6.1116,126.08,2.6019
LEDA176192_sdss,LEDA176192,main,SDSS,414-51869-490,0.020425,emiles,1.1073,6066.5,65.556,6059.7,45.974,6060.6,47.893,0.020419,8.7593,-0.11761,29.236,2.8126,50.628,2.6135,133.97,2.978,657.99,5.6377,,,,,165.29,3.2518,45.872,3.2919,110.96,3.0241,20.846,2.4018,229.02,3.3179,116.71,44.986,36.692,69.025,50.828,13.935,8.6792,-0.45835,0.0073098,-0.081834,0.015274,211.16,-0.49361,-1.4992,4.9115,36.692,SF,728.72,185.64,148.4,274.26,-0.4244,-0.097243,SF,185.64,3.6499,148.4,4.6304,728.72,8.4205,274.26,4.5203,79.197,2.973,112.8,3.1056,601.77,5.9999,224.68,3.8851
UGC6142_sdss,UGC6142,main,SDSS,580-52368-28,0.02511,emiles,0.89621,7443.7,171.63,7443.9,164.02,7446.1,145.67,0.025141,9.763,0.14286,0,7.0323,22.645,7.076,49.881,7.783,233.69,10.286,156.17,17.172,74.765,16.451,136.51,11.079,114.5,10.175,91.316,7.7003,37.724,8.6724,335.57,10.671,22.72,6.4089,11.859,31.447,12.321,11.253,4.3498,0.15714,0.023582,0.26261,0.077027,251.01,0.031046,-0.79203,4.685,6.4089,AGN,0,39.616,111.81,0,,0.45061,low S/N,39.616,9.648,111.81,16.479,0,,0,,0.17092,7.5029,97.978,8.6459,181.98,12.397,334.78,14.137
2MASXJ09551395+1417576_sdss,2MASXJ09551395+1417576,main,SDSS,2584-54153-235,0.024212,emiles,1.0041,7170.3,100.67,7171.9,98.035,7170.6,100.39,0.024211,9.1956,-0.19494,48.191,3.8405,92.832,3.9523,233.26,5.0755,1516.4,13.1,59.508,9.4375,104.38,9.6165,1.2141e+05,5.4224,188.85,5.1159,53.196,3.6002,39.076,3.6557,696.34,7.2181,115.75,45.958,14.776,96.471,22390,36.915,10.689,-0.33798,0.0058603,-0.64196,0.030874,1.216e+05,1.9041,-1.5889,6.5008,14.776,SF,1450.9,225.44,53.368,694.94,-0.31967,-0.62575,SF,225.44,5.8298,53.368,4.3075,1450.9,14.225,694.94,8.3137,202.54,5.0404,48.348,3.5599,1507.2,14.006,693.62,8.7833
LEDA1232789_sdss,LEDA1232789,main,SDSS,519-52283-554,0.025951,emiles,1.0964,7652,42.394,7683.3,42.212,7679,45.393,0.02596,9.2996,-0.49915,13.563,2.7029,21.764,2.396,47.319,2.3698,206.47,3.0184,43.117,6.1327,39.02,5.9748,46.768,2.1342,29.908,1.8495,14.533,1.976,3.3508,1.7053,69.667,1.8916,68.404,19.968,7.3548,36.829,21.914,16.171,1.9649,-0.47183,0.013393,-0.51267,0.062927,76.676,-0.4302,-1.7897,4.3634,7.3548,SF,185.92,43.297,14.726,66.473,-0.44669,-0.46836,SF,43.297,2.9963,14.726,2.0577,185.92,3.0555,66.473,2.4533,41.157,2.4122,14.892,2.0186,199.88,3.2833,67.667,2.3016
IC3147B_sdss,IC3147B,main,SDSS,1613-53115-145,0.025578,emiles,1.0921,7532.7,106.73,7590.6,126.32,7565.9,143.61,0.025643,9.2798,-0.39454,64.766,5.2414,115.09,5.2275,264.06,6.1014,1119.7,10.712,120.13,13.295,111.34,13.102,231.11,6.0003,171.89,5.7022,83.285,5.0272,45.823,4.4946,564.18,7.6179,104.52,43.279,16.567,74.059,38.517,30.144,10.195,-0.29767,0.007187,-0.50114,0.02807,403,-0.44378,-1.388,4.2402,16.567,SF,1112.7,269.59,94.474,577.19,-0.28505,-0.4554,composite,269.59,7.8242,94.474,6.7277,1112.7,12.331,577.19,8.7606,217.19,6.0718,78.866,4.9603,1065.1,11.512,527.34,9.1695
LEDA11650_sdss,LEDA11650,main,SDSS,412-52258-302,0.028679,emiles,1.311,8446.3,99.379,8483.8,75.347,8487.6,77.465,0.028703,9.1625,-0.29142,154.79,5.7428,289.08,6.3169,680.28,8.8399,2549.3,18.285,847.43,16.52,392.12,14.421,535.36,7.9886,371.18,7.1238,388.56,6.9965,56.271,5.0465,1012.2,9.7443,139.42,76.955,55.536,103.87,67.016,52.104,11.151,-0.40118,0.0052138,-0.24323,0.0096437,906.54,-0.44904,-1.6561,3.7475,55.536,SF,2607.7,770.08,443.08,1075.1,-0.38479,-0.24005,SF,770.08,11.894,443.08,8.5112,2607.7,22.089,1075.1,10.911,616.74,8.8843,398.47,7.1606,2536.6,19.718,999.73,11.862
Z63-63_sdss,Z63-63,main,SDSS,2582-54139-132,0.024198,emiles,1.008,7165.4,57.258,7168.2,53.437,7170.4,52.805,0.024199,9.1131,-0.66673,49.375,4.3361,86.169,4.3087,206.41,5.0252,876.92,8.2936,170.49,11.88,157.57,12.148,0,4.0189,131.2,3.6905,61.439,3.6511,17.542,2.5158,307.47,4.3193,105.73,41.075,16.828,71.185,0,35.55,6.9729,-0.45515,0.0073548,-0.52629,0.02789,131.2,-0.82503,-1.6989,4.2484,16.828,SF,783.56,211.47,71.293,305.33,-0.40931,-0.47221,SF,211.47,6.0299,71.293,5.1809,783.56,9.5862,305.33,4.7606,184.69,4.9711,59.788,3.6362,868.65,8.8669,304.41,5.2112
2MASXJ08232861+0924041_sdss,2MASXJ08232861+0924041,main,SDSS,2571-54055-587,0.026862,emiles,1.2994,7930.7,105.04,7945.9,88.303,7952.6,86.865,0.026859,9.1379,-0.21988,43.026,3.3843,87.468,3.2539,237.14,4.202,1400.5,10.119,120.22,6.4275,134.58,6.7978,274.49,4.2912,197.93,3.9691,95.662,3.1145,41.144,2.7435,585.94,5.2053,138.41,56.434,30.715,112.57,63.966,49.867,14.997,-0.37844,0.004973,-0.39426,0.016098,472.42,-0.47196,-1.532,5.9059,30.715,SF,,,,,,,,,,,,,,,,204.8,4.2132,97.228,3.1419,1379.9,10.893,579.16,6.3639
2dFGRSTGN313Z174_sdss,2dFGRSTGN313Z174,main,SDSS,330-52370-612,0.019257,emiles,1.101,5715.6,21.981,5717.6,42.476,5716.7,40.977,0.019255,9.2865,-0.46548,11.641,3.5049,9.8597,3.0974,35.789,2.6932,120.51,2.645,,,,,33.847,2.0816,22.447,2.329,6.0891,2.3252,4.2731,1.8982,48.756,2.087,45.559,13.289,2.6187,23.361,16.26,9.6379,2.2511,-0.39298,0.020892,-0.7692,0.16903,56.294,-0.33055,-1.4503,3.3671,2.6187,low S/N,,,,,,,,,,,,,,,,12.38,2.6813,6.4814,2.4238,109.42,3.013,48.71,2.5818
2MASXJ11422226+0845548_comp_sdss,2MASXJ11422226+0845548,comp,SDSS,1620-53137-443,0.021607,emiles,1.0852,6412.3,232.82,6469.8,223.33,6436.5,188.63,0.021815,10.02,0.18492,6.6199,7.3979,23.203,7.924,34.486,9.0295,311.89,14.772,99.733,17.808,133.02,17.989,126.9,13.394,0,13.478,97.206,8.7057,33.917,11.159,289.07,13.256,21.113,3.8193,11.166,21.806,9.4743,0,3.0394,-0.032992,0.028632,0.45005,0.12018,126.9,-0.39055,-0.96358,9.0438,3.8193,AGN,,,,,,,,,,,,,,,,-14.416,8.7878,98.492,10.052,303.77,20.46,308.63,17.994
LEDA1436844_comp_sdss,LEDA1436844,comp,SDSS,2266-53679-219,0.073281,emiles,1.0748,21192,115.23,21200,97.014,21204,98.468,0.073277,9.0859,-0.14989,25.235,3.1294,37.031,3.0618,98.239,3.2319,499.16,4.4647,48.406,5.5478,44.825,5.3023,75.445,2.4574,50.661,2.3902,26.149,2.8908,6.4015,1.9845,175.08,2.8153,111.8,30.397,9.0454,62.189,30.702,21.195,3.2258,-0.455,0.0079912,-0.57483,0.050094,126.11,-0.5975,-1.892,5.081,9.0454,SF,,,,,,,,,,,,,,,,73.781,3.167,25.827,2.84,478.26,4.9697,169.64,3.5241
IC3147B_comp_sdss,IC3147B,comp,SDSS,1614-53120-312,0.025957,emiles,0.90401,7690.1,212.87,7570.6,287.44,7605,211.37,0.025574,9.9137,0.11423,2.2146,11.064,0,11.076,29.463,12.446,99.914,13.502,8.7844,20.524,46.947,23.448,42.214,12.229,55.164,12.384,65.78,10.75,0.8435,11.08,103.81,11.915,7.3999,2.3673,6.1191,8.7123,3.452,4.4546,0.076128,0.016608,0.077002,0.34882,0.19671,97.378,-0.011167,-2.0735,3.3912,2.3673,low S/N,,,,,,,,,,,,,,,,-45.915,11.744,94.886,14.745,69.315,15.507,88.989,18.524
MCG-01-09-041_comp_sdss,MCG-01-09-041,comp,SDSS,461-51910-361,0.013365,emiles,2.9246,4037.6,115.34,4043.4,89.951,3632.6,1000,0.013579,9.5506,-0.55359,123.74,7.6608,209.74,8.1084,440.59,10.685,1517.3,27.612,,,,,907.13,75.216,62.04,75.351,455.87,24.852,0,27.476,5231.3,41.056,54.952,41.233,18.343,127.42,12.06,0.82335,0,0.53752,0.0086069,0.014808,0.025913,969.17,-0.19469,,3.4439,18.343,AGN,,,,,,,,,,,,,,,,2336.1,78.025,928.48,36.058,6646.3,362.33,6989.6,195.3
IC3378_comp_sdss,IC3378,comp,SDSS,5852-56034-264,0.045207,emiles,1.0346,13247,91.145,13244,72.514,13244,95.551,0.045166,9.3151,-0.31132,5.5908,1.4132,10.301,1.4631,27.887,1.6357,162.07,3.0357,16.421,2.4676,15.101,2.4471,27.827,1.8852,25.086,1.8674,8.0144,1.5982,1.4779,1.596,67.663,2.1785,53.389,17.049,5.0145,31.059,14.761,13.434,0.92602,-0.37936,0.016177,-0.54153,0.090276,52.913,-0.48615,-2.0401,5.8118,5.0145,SF,,,,,,,,,,,,,,,,18.562,1.6189,8.3039,1.5422,151.05,3.3376,71.3,2.6198
UGC6142_comp_sdss,UGC6142,comp,SDSS,581-52356-304,0.025229,emiles,1.4153,7465.3,120.81,7469.8,79.556,7464.3,74.753,0.02523,9.4331,-0.020972,64.479,4.9722,112.48,4.8013,312.11,5.7823,1523.6,11.512,,,,,475.85,6.209,279.45,5.9268,1264.5,9.6515,70.445,4.5114,1041.9,8.5545,132.35,53.977,131.01,121.8,76.639,47.151,15.615,-0.16503,0.0048458,0.6076,0.0087021,755.31,-0.30474,-1.335,4.8815,53.977,AGN,,,,,,,,,,,,,,,,270.41,5.8474,1265.1,9.7277,1477.7,12.316,1017,10.278
2MASXJ08232861+0924041_comp_sdss,2MASXJ08232861+0924041,comp,SDSS,2571-54055-598,0.026581,emiles,1.2253,7876,62.447,7866,40.851,7864,37.719,0.026585,8.8031,-0.63838,54.754,2.9936,92.475,2.9363,213.27,3.6719,703.57,5.6916,255.92,6.8369,281.53,7.7681,121.79,2.4959,76.197,2.1979,445.21,4.8128,19.628,1.8385,128.35,2.2138,123.61,58.082,92.506,57.979,48.796,34.667,10.676,-0.7389,0.0082735,0.31964,0.008829,197.99,-0.55067,-1.5544,3.299,57.979,SF,,,,,,,,,,,,,,,,196.36,3.7159,444.02,4.8556,694.34,6.1116,126.08,2.6019
Mrk1302_comp_sdss,Mrk1302,comp,SDSS,513-51989-601,0.018634,emiles,1.3003,5528.9,0.69031,5536.9,33.89,5533,33.022,0.018641,8.9814,-0.72744,35.341,3.9643,68.291,3.6727,165.05,3.8488,510.1,4.5022,,,,,82.042,2.2665,56.803,2.0539,337.03,4.6299,14.979,1.8999,86.651,2.1137,113.3,42.882,72.795,40.996,36.197,27.656,7.8839,-0.76988,0.011266,0.31007,0.011754,138.85,-0.56513,-1.5322,3.0907,40.996,SF,,,,,,,,,,,,,,,,148.54,3.8999,335.09,4.7739,498.46,4.7877,83.485,2.4163
IC2810_comp_sdss,IC2810,comp,SDSS,1753-53383-519,0.033899,emiles,1.7878,9993.1,129.27,9997.9,115.74,10004,114.78,0.033912,9.2717,-0.35923,59.685,3.4463,104.89,3.5935,295.67,4.5832,2277.7,13.013,111.64,6.478,67.792,6.3218,285.31,5.1428,262.7,4.9549,77.839,3.4939,46.067,3.6766,1417.4,8.6645,175.03,64.512,22.279,163.58,55.478,53.018,12.53,-0.206,0.0036338,-0.57961,0.020623,548.01,-0.6187,-1.6941,7.7034,22.279,composite,,,,,,,,,,,,,,,,241.87,4.5961,77.818,3.5285,2265,13.988,1392.8,10.679
LEDA11650_comp_sdss,LEDA11650,comp,SDSS,411-51817-119,0.029394,emiles,1.0943,8692.5,43.897,8684.4,46.038,8681.3,41.472,0.029392,9.563,-0.65246,9.3119,2.6066,13.075,2.3324,21.745,2.0452,82.575,1.8754,48.115,6.1212,46.311,6.0855,23.834,1.6273,15.705,1.4188,20.062,1.9423,4.9091,1.2858,19.494,1.3437,44.031,10.632,10.329,14.508,14.646,11.069,3.818,-0.62693,0.031518,-0.034982,0.058622,39.539,-0.31982,-1.2258,3.7975,10.329,SF,,,,,,,,,,,,,,,,14.686,1.9795,21.142,2.0261,75.343,2.146,20.125,1.6438
IC2867_comp_sdss,IC2867,comp,SDSS,1223-52781-178,0.020811,emiles,1.0721,6178.1,129.81,6170.7,92.379,6172.5,97.182,0.020796,9.5291,0.043126,35.495,6.7253,87.925,7.6545,246.79,8.5987,1712.2,20.256,54.549,13.88,104.89,14.173,263.71,11.372,2413.1,11.701,83.786,8.0507,43.854,9.0674,770.01,14.063,84.529,28.701,10.407,54.754,23.189,206.22,4.8364,-0.34707,0.0094504,-0.46915,0.044389,2676.8,0.19405,-1.5916,6.9381,10.407,SF,,,,,,,,,,,,,,,,169.15,8.533,79.604,8.2732,1714.8,21.87,770.04,17.221
LEDA1050044_comp_sdss,LEDA1050044,comp,SDSS,463-51908-417,0.031482,emiles,1.0517,9296.5,34.782,9292.6,33.237,9292.4,38.179,0.031482,8.953,-0.51509,12.654,2.8109,29.474,2.5861,57.786,2.4897,210.35,2.9536,111.3,7.5668,119,7.506,46.234,1.8392,28.78,1.7532,73.252,2.5913,9.42,1.9719,38.621,1.6063,71.219,23.21,28.269,24.044,25.138,16.416,4.7771,-0.73612,0.019064,0.10299,0.024211,75.015,-0.4478,-1.3489,3.6402,23.21,SF,,,,,,,,,,,,,,,,57.191,2.5599,74.191,2.7457,213.77,3.201,37.891,1.8956
2MASXJ09551395+1417576_comp_sdss,2MASXJ09551395+1417576,comp,SDSS,5325-55980-350,0.024434,emiles,2.1064,7227.8,127.81,7231.1,101.85,7226.6,103.69,0.024414,9.1204,-0.45916,47.912,2.5384,95.593,2.8515,250.96,4.0378,1803.7,14.616,79.961,5.2783,137.23,5.465,4822.3,4.901,209.18,4.5849,54.994,2.9905,34.247,3.2004,735.15,6.9825,123.41,62.152,18.39,105.28,983.94,45.625,10.701,-0.38979,0.0054222,-0.65929,0.024628,5031.5,0.44554,-1.7215,7.1872,18.39,SF,,,,,,,,,,,,,,,,215.81,4.0262,56.092,2.9688,1768.9,15.405,737.15,8.5216
LEDA3091410_comp_sdss,LEDA3091410,comp,SDSS,2571-54055-587,0.026862,emiles,1.2994,7930.7,105.04,7945.9,88.303,7952.6,86.865,0.026859,9.1379,-0.21988,43.026,3.3843,87.468,3.2539,237.14,4.202,1400.5,10.119,120.22,6.4275,134.58,6.7978,274.49,4.2912,197.93,3.9691,95.662,3.1145,41.144,2.7435,585.94,5.2053,138.41,56.434,30.715,112.57,63.966,49.867,14.997,-0.37844,0.004973,-0.39426,0.016098,472.42,-0.47196,-1.532,5.9059,30.715,SF,,,,,,,,,,,,,,,,204.8,4.2132,97.228,3.1419,1379.9,10.893,579.16,6.3639
2dFGRSTGN321Z156_comp_sdss,2dFGRSTGN321Z156,comp,SDSS,2920-54562-156,0.023356,emiles,1.9964,6902.4,85.264,6925,77.009,6926.1,77.019,0.023368,8.8545,-0.57678,100.26,2.6929,189.05,3.0567,521.02,4.3959,3274.3,15.513,279.94,6.953,279.22,7.1085,0,4.7607,393.07,4.0355,183.86,2.9529,66.702,2.254,1271.8,6.6985,211.07,118.53,62.264,189.86,0,97.402,29.593,-0.4107,0.0030766,-0.45237,0.0078789,393.07,-0.92065,-1.691,6.2844,62.264,SF,,,,,,,,,,,,,,,,445.36,4.3671,182.26,2.9271,3242.8,17.2,1265.8,8.5541
