label,system,role,source,spec_id,z_in,sps,dchi2_broad,snr_broad_halpha,sigma_broad_trial,broad_over_narrow_trial,broad_adopted,chi2,v_star,sigma_star,v_balmer,sigma_balmer,v_forbidden,sigma_forbidden,z_fit,age_lw_gyr,metal_lw,hd_flux,hd_err,hg_flux,hg_err,hb_flux,hb_err,ha_flux,ha_err,oii3726_flux,oii3726_err,oii3729_flux,oii3729_err,sii6716_flux,sii6716_err,sii6731_flux,sii6731_err,oiii_flux,oiii_err,oi_flux,oi_err,nii_flux,nii_err,ha_snr,hb_snr,oiii_snr,nii_snr,sii6716_snr,sii6731_snr,oi_snr,log_nii_ha,log_nii_ha_err,log_oiii_hb,log_oiii_hb_err,sii_flux,log_sii_ha,log_oi_ha,balmer_dec,min_snr_bpt,bpt_class,ha_broad_flux,ha_broad_err,v_broad,sigma_broad,ha_flux_fsf,hb_flux_fsf,oiii_flux_fsf,nii_flux_fsf,log_nii_ha_fsf,log_oiii_hb_fsf,bpt_class_fsf
BKD2008WR561_comp,BKD2008WR561,comp,DESI,2851663043887104,0.006344,emiles,13.032,1.5754,3258.3,6.7819,False,0.76315,1901.3,28.707,1922.8,57.088,1914.9,96.198,0.0064342,9.4616,0.052717,0,1.3044,3.8874,1.4383,0.73195,0.96692,1.1379,0.63017,0,2.4407,0.8716,2.6114,0,0.64349,1.2231,0.64358,0.81712,1.0551,0.59745,0.70438,2.8775,0.64265,1.8057,0.75699,0.77448,4.4775,0,1.9005,0.84818,0.4029,0.25933,0.047807,0.80224,1.2231,0.031368,-0.27981,1.5546,0.75699,low S/N,,,,,,,,,,,
LEDA176192_comp,LEDA176192,comp,DESI,39627791632699590,0.020878,emiles,17.023,0.0042022,3982.9,0.0016958,False,0.72481,6092.7,10,6195.9,13.916,6198.1,15.973,0.020882,8.5419,-0.98323,2.3697,1.6043,0,1.49,4.057,1.2219,19.17,0.83381,5.0668,2.6545,8.8917,2.485,5.399,0.63951,2.6707,0.96765,3.9437,1.0426,0.7588,0.69732,4.0158,0.64313,22.99,3.3201,3.7824,6.2442,8.4423,2.76,1.0882,-0.67884,0.072072,-0.012304,0.17405,8.0697,-0.37576,-1.4025,4.725,3.3201,SF,,,,,,,,,,,
LEDA1232789,LEDA1232789,main,DESI,39627854287212798,0.02594,emiles,6.8218,0.29691,856.98,0.021192,False,0.74348,7657.1,10,7676,31.784,7675.8,34.157,0.025935,9.0894,-0.39498,4.4028,2.7015,8.7818,2.5549,23.417,2.0143,82.808,1.79,18.305,3.3021,25.618,2.8593,19.7,1.4727,14.262,1.2938,6.9097,1.8815,2.8703,1.2912,30.536,1.3981,46.262,11.625,3.6724,21.842,13.377,11.023,2.2229,-0.43326,0.021988,-0.53007,0.12402,33.962,-0.38708,-1.4602,3.5363,3.6724,SF,,,,,85.826,24.659,6.9259,30.63,-0.44746,-0.55149,SF
LEDA1050044,LEDA1050044,main,DESI,39627664981495030,0.031499,emiles,92.096,10.576,500,0.113,False,0.96567,9317,52.908,9296.4,51.369,9301.2,53.843,0.031495,9.103,-0.58203,51.096,3.284,56.233,3.132,151.81,4.1443,767.07,6.1776,47.153,5.2191,50.642,4.8378,116.31,3.1279,94.726,2.9311,29.663,2.7925,18.666,2.4448,288.29,3.7983,124.17,36.632,10.622,75.9,37.185,32.317,7.6348,-0.425,0.0067063,-0.7091,0.04257,211.04,-0.56047,-1.6138,5.0527,10.622,SF,,,,,966.08,222.72,43.966,362.27,-0.42598,-0.70464,SF
UGC6142,UGC6142,main,DESI,2842629133828099,0.025197,emiles,9.0327,3.1613,500,0.14868,False,1.5816,7462.8,161.15,7447.2,159.25,7452.2,147.08,0.025152,9.8341,0.10669,8.249,3.0849,16.338,3.418,31.417,3.5339,135.27,3.5064,74.966,4.7987,105.67,5.1351,97.278,3.6023,74.181,3.6118,75.026,3.4346,28.34,3.1281,218.33,3.5403,38.577,8.8902,21.844,61.668,27.004,20.538,9.0599,0.20791,0.013279,0.37805,0.052742,171.46,0.10297,-0.6788,4.3056,8.8902,AGN,,,,,131.97,37.792,77.328,247.32,0.27279,0.31094,AGN
IC3378,IC3378,main,DESI,39628198719263215,0.045275,emiles,68.31,8.4222,1213.5,0.13564,False,0.90766,13272,43.683,13275,59.028,13275,59.294,0.045274,9.0049,-0.61272,34.585,3.6192,74.036,3.4727,180.15,3.9311,717.8,4.8949,132.45,6.275,150.88,6.293,139.22,2.8301,105.73,2.6762,54.297,2.9822,20.75,2.0488,289.25,3.3366,146.64,45.828,18.207,86.691,49.192,39.508,10.128,-0.39473,0.0058196,-0.52086,0.025667,244.95,-0.46692,-1.539,3.9844,18.207,SF,,,,,766.89,199.82,57.448,309.16,-0.39455,-0.54136,SF
LEDA181851,LEDA181851,main,DESI,39627799287303060,0.020665,emiles,30.811,2.3766,863.97,0.012244,False,4.0574,6111.6,36.839,6130.2,39.093,6130.4,40.267,0.020658,8.9692,-0.46689,71.394,3.9772,138.97,3.7245,285.05,3.3098,1047.4,3.5301,371.23,7.3496,496.27,7.8223,188.21,1.7143,131.65,1.922,283.74,3.0617,20.809,1.2565,207.41,1.6993,296.71,86.123,92.675,122.06,109.79,68.496,16.561,-0.70328,0.0038474,-0.0019961,0.006884,319.86,-0.51516,-1.7019,3.6745,86.123,SF,,,,,1198.5,341.43,334.13,232.3,-0.71259,-0.0093827,SF
LEDA1436844,LEDA1436844,main,DESI,39628116066305705,0.015799,emiles,27.683,0.52606,962.24,0.018927,False,0.76904,4687.2,10,4696.3,25.044,4698.7,28.872,0.015788,9.0049,-0.34461,11.401,2.7169,24.347,2.5156,51.84,2.2526,173.71,2.5036,25.549,4.5397,55.174,4.6638,44.557,1.5928,31.283,1.4974,8.4261,1.7724,2.17,1.2696,51.436,1.5545,69.385,23.013,4.7539,33.088,27.974,20.891,1.7092,-0.52857,0.014541,-0.78904,0.093284,75.839,-0.35994,-1.9034,3.351,4.7539,SF,,,,,197.74,59.589,9.1935,56.979,-0.54038,-0.81168,SF
IC3147B,IC3147B,main,DESI,39628075859711056,0.025627,emiles,192.79,16.088,500,0.16513,False,2.0327,7536.7,93.022,7598.7,128.69,7562.8,149.07,0.02567,9.2393,-0.2064,49.347,3.2956,82.183,3.2086,180.37,3.3907,725.73,3.7716,88.919,5.2903,80.349,5.0049,162.37,2.9123,123.21,2.8075,55.05,3.0972,40.602,2.5777,401.72,3.1456,192.42,53.195,17.774,127.71,55.755,43.885,15.752,-0.25685,0.0040814,-0.5154,0.025762,285.58,-0.40505,-1.2522,4.0236,17.774,composite,,,,,728.85,189.06,61.692,423.69,-0.23559,-0.48637,composite
2dFGRSTGN321Z156_comp,2dFGRSTGN321Z156,comp,DESI,39627781855775543,0.023131,emiles,709.95,23.926,500,0.056225,False,6.902,6847,123.97,6855.9,99.392,6854.9,99.122,0.023132,8.8192,-0.2202,208.05,4.348,373.09,4.7581,891.9,5.6961,4258.8,11.257,377.3,7.9109,447,8.1292,578.07,4.8928,472.28,4.2219,212.2,3.6253,53.814,2.7979,1778,6.1385,378.33,156.58,58.534,289.64,118.15,111.87,19.234,-0.37936,0.0018884,-0.62356,0.007921,1050.3,-0.60796,-1.8984,4.775,58.534,SF,,,,,4451.9,979.55,229.86,1855.8,-0.38,-0.62956,SF
2dFGRSTGN313Z174,2dFGRSTGN313Z174,main,DESI,39627757533007477,0.019234,emiles,36.661,1.4168,500,0.052913,False,0.84985,5719.5,10,5709.4,27.339,5709.6,21.829,0.019227,9.2486,-0.35988,3.1327,0.9923,6.0912,0.87843,14.098,0.65123,44.988,0.55386,11.745,1.6505,15.527,1.9094,12.793,0.43312,7.8544,0.39477,4.3094,0.58892,1.9425,0.46914,19.176,0.44726,81.226,21.649,7.3174,42.874,29.538,19.896,4.1406,-0.37034,0.011454,-0.51475,0.062649,20.648,-0.33822,-1.3647,3.191,7.3174,SF,,,,,46.385,15.446,4.4496,20.188,-0.36128,-0.54048,SF
NGC2864_comp,NGC2864,comp,DESI,39627931877642613,0.034821,emiles,92.731,9.3899,500,0.044223,False,1.3831,10246,63.917,10259,56.734,10262,56.768,0.034811,9.2786,-0.74854,49.55,2.9481,97.451,3.0803,227.17,3.4307,1038.5,5.1939,219.22,5.7336,295.1,6.138,181.75,2.6035,131.68,2.1652,315.07,3.4171,30.326,1.5221,259.96,2.4754,199.95,66.219,92.205,105.02,69.809,60.816,19.924,-0.60152,0.0046711,0.14205,0.0080746,313.43,-0.52028,-1.5346,4.5716,66.219,SF,,,,,,,,,,,
2MASXJ11422226+0845548_sdss,2MASXJ11422226+0845548,main,SDSS,1225-52760-217,0.021941,emiles,41.126,1.2282,1515.4,0.12334,False,1.27,6511.2,128,6538.5,109.38,6529.3,118.53,0.02205,9.5572,0.16307,49.836,7.2295,33.537,6.7653,106.75,7.8259,353.63,9.9976,16.853,14.813,34.132,14.862,78.548,9.5795,57.376,9.2341,44.488,7.6853,1.3799,8.0725,220.41,9.6285,35.372,13.64,5.7887,22.891,8.1996,6.2135,0.17093,-0.20532,0.022598,-0.38011,0.081501,135.92,-0.41526,-2.4087,3.3129,5.7887,composite,,,,,0,64.797,49.667,0,,-0.11548,low S/N
LEDA181851_sdss,LEDA181851,main,SDSS,267-51608-474,0.020633,emiles,165.09,4.1055,5000,0.03995,False,1.3289,6111.8,92.51,6122.1,44.357,6123.9,44.084,0.020631,9.0237,-0.64746,141.59,4.3904,242.4,4.6767,523.61,6.286,1818.4,13.025,555.98,12.07,693.59,13.579,330.45,4.228,227.48,4.033,500.41,5.7219,37.569,2.3004,355.22,3.9214,139.61,83.298,87.455,90.585,78.156,56.405,16.331,-0.70919,0.0057151,-0.019684,0.0072003,557.93,-0.51311,-1.6849,3.4728,83.298,SF,,,,,1581.2,536.62,517.55,355.46,-0.64818,-0.015715,SF
LEDA1436844_sdss,LEDA1436844,main,SDSS,2265-53674-521,0.015813,emiles,37.306,3.2991,2701.2,0.11012,False,1.178,4692.4,39.987,4702,33.189,4704.1,36.256,0.015808,9.0431,-0.28001,16.462,2.5985,35.168,2.4157,73.314,2.3628,274.34,3.2673,,,,,59.464,1.7936,41.039,1.8783,17.464,1.9096,7.1368,1.4752,76.864,1.7654,83.964,31.028,9.1453,43.54,33.154,21.849,4.8379,-0.55256,0.011236,-0.62304,0.049508,100.5,-0.4361,-1.5848,3.742,9.1453,SF,,,,,253.64,72.482,17.558,76.356,-0.52139,-0.61575,SF
NVSSJ100720+040434_sdss,NVSSJ100720+040434,main,SDSS,573-52325-511,0.02862,emiles,206.31,9.4752,5000,0.1042,False,1.0103,8459,110.09,8464.5,87.773,8466.7,88.793,0.028637,9.2455,-0.4897,152.85,5.8122,286.97,6.3982,674.81,9.2747,3017.3,24.067,276.47,11.577,220.32,10.725,448.32,7.6568,394.99,7.3404,141.5,5.3867,36.275,5.2715,1406.6,11.818,125.37,72.758,26.269,119.02,58.551,53.811,6.8814,-0.33144,0.0050313,-0.67842,0.017577,843.31,-0.55363,-1.92,4.4714,26.269,SF,,,,,2679.2,639.77,158.28,1327.7,-0.3049,-0.60661,SF
Mrk1302_sdss,Mrk1302,main,SDSS,513-51989-603,0.018612,emiles,459.13,19.269,5000,0.21256,False,1.4503,5533.7,93.296,5525.7,56.162,5533.6,59.42,0.018603,9.1684,-0.1343,191.43,6.4294,359.62,7.0727,893.1,10.173,4183.3,26.643,,,,,655.55,9.2854,499.63,8.5841,141.52,5.9527,65.127,5.7806,1608.9,12.641,157.01,87.789,23.774,127.28,70.6,58.203,11.266,-0.41498,0.0043925,-0.80009,0.018926,1155.2,-0.55887,-1.8078,4.684,23.774,SF,,,,,3701.7,887.15,135.83,1538.2,-0.38139,-0.81502,SF
Z64-106_sdss,Z64-106,main,SDSS,1746-53062-435,0.023458,emiles,156.71,14.104,5000,1.5835,False,0.83881,6954.2,107.24,6954.1,110.83,6953.6,114.64,0.023467,9.4997,-0.046714,25.264,4.8973,42.052,4.5181,68.339,4.9797,342.77,6.9973,74.24,9.3443,54.618,9.1054,88.737,6.1297,76.85,6.1365,76.581,6.1342,12.422,5.0917,250.94,6.6193,48.987,13.723,12.484,37.91,14.477,12.523,2.4396,-0.13544,0.014486,0.049455,0.047028,165.59,-0.31598,-1.4408,5.0158,12.484,composite,,,,,356.48,76.887,77.642,277.89,-0.10816,0.0042437,composite
BKD2008WR561_sdss,BKD2008WR561,main,SDSS,2429-53799-267,0.007093,emiles,275.19,7.9223,2133.8,0.015283,False,4.6336,2118.4,57.127,2115.9,39.088,2119.2,39.133,0.0070828,9.4586,-1.2326,617.51,10.399,1127.5,13.458,2570.2,23.422,10481,57.785,,,,,965.96,10.169,725.74,8.5545,2404.4,18.152,59.91,3.5865,2241.4,16.431,181.38,109.73,132.46,136.41,94.992,84.838,16.705,-0.66989,0.0039836,-0.028949,0.0051393,1691.7,-0.79209,-2.2429,4.078,109.73,SF,,,,,7337.9,2128.3,2127.7,1900,-0.58682,-0.00013373,SF
IC2867_sdss,IC2867,main,SDSS,1223-52781-169,0.020914,emiles,39.699,3.6851,3841.1,0.24849,False,1.1956,6200.2,60.537,6202.4,28.425,6200.4,32.188,0.020904,9.3028,-0.84383,18.88,3.6302,23.569,3.2334,51.404,2.8887,196.87,3.2559,80.198,8.8253,94.013,8.8395,39.257,2.0695,33.205,2.4579,86.913,3.2229,8.1417,1.8003,35.783,1.9135,60.465,17.795,26.968,18.7,18.969,13.509,4.5223,-0.7405,0.02431,0.22809,0.02924,72.463,-0.43406,-1.3835,3.8298,17.795,SF,,,,,189.8,56.519,93.908,37.552,-0.70366,0.22051,SF
LEDA1348189_sdss,LEDA1348189,main,SDSS,2886-54498-17,0.03579,emiles,34.404,4.0353,5000,0.22906,False,1.2011,10531,37.461,10543,38.212,10543,41.926,0.035795,8.9658,-0.50576,15.854,2.8464,33.156,2.8343,61.66,2.7646,266.14,3.6467,61.387,6.0433,55.984,5.8534,57.544,2.272,40.58,2.2009,20.49,2.326,6.853,1.8393,86.66,2.3234,72.982,22.304,8.8092,37.298,25.327,18.438,3.7258,-0.4873,0.013076,-0.47846,0.053006,98.124,-0.43334,-1.5892,4.3164,8.8092,SF,,,,,249.9,61.088,23.124,86.826,-0.45912,-0.4219,SF
NGC2864_sdss,NGC2864,main,SDSS,991-52707-531,0.033965,emiles,115.45,11.205,500,0.15534,False,1.4762,10027,102.35,10018,86.664,10020,82.204,0.03398,9.4371,-0.4341,45.688,3.9799,67.575,3.8361,160.07,4.4906,766.62,8.1794,69.885,6.8831,54.936,6.7129,109.69,3.8881,100.93,3.7843,34.606,3.3123,14.022,2.9952,365.48,5.1185,93.725,35.645,10.448,71.405,28.211,26.672,4.6813,-0.32171,0.0076462,-0.66516,0.043318,210.62,-0.56108,-1.7378,4.7894,10.448,SF,,,,,775.25,185.62,38.591,386.51,-0.30228,-0.68214,SF
NVSSJ084256+133826_sdss,NVSSJ084256+133826,main,SDSS,2428-53801-416,0.016808,emiles,93.325,7.4974,2498.5,0.18149,False,1.1172,4994.8,44.162,4995.7,38.418,4998.9,42.467,0.016803,8.6409,-0.32546,48.922,4.0441,88.123,4.0628,174.48,4.167,617.9,6.1924,,,,,135.55,3.4912,94.086,3.0421,80.822,3.6035,19.433,2.5665,232.4,3.5967,99.784,41.871,22.429,64.614,38.825,30.928,7.5716,-0.42468,0.0080075,-0.33421,0.021966,229.63,-0.42989,-1.5024,3.5415,22.429,SF,,,,,561.12,172.7,88.305,227.46,-0.39215,-0.2913,SF
2dFGRSTGN321Z156_sdss,2dFGRSTGN321Z156,main,SDSS,290-51941-193,0.023133,emiles,35.491,7.3863,5000,3.9665,False,1.061,6850.1,39.689,6840.9,75.09,6880.9,76.28,0.023081,9.023,-0.09762,4.4949,4.75,1.8867,4.09,5.3442,3.5843,40.168,2.6232,13.594,11.129,14.609,11.305,13.431,3.2753,11.956,3.0086,17.025,3.6939,5.3284,2.7518,22.303,2.6913,15.312,1.491,4.6089,8.287,4.1008,3.974,1.9364,-0.25553,0.059589,0.50319,0.30614,25.388,-0.19926,-0.87728,7.5162,1.491,low S/N,,,,,19.459,1.4792e-09,16.265,16.628,-0.068285,10.041,low S/N
IC775_sdss,IC775,main,SDSS,1614-53120-346,0.025788,emiles,21.05,2.6805,1123.5,7.0562,False,0.99356,7648.4,295.31,7963.4,500,7654.1,170.94,0.026919,10.094,0.16593,0,17.658,0,20.063,85.406,24.647,180.71,34.732,37.509,16.182,37.254,16.02,54.668,19.292,66.873,19.514,41.66,14.327,1.265,17.726,186.28,21.374,5.2031,3.4652,2.9077,8.7152,2.8337,3.4268,0.071363,0.013174,0.097212,-0.31177,0.19498,121.54,-0.17227,-2.1549,2.1159,2.9077,low S/N,,,,,17.971,0.0003714,54.793,272.26,1.1804,5.1689,low S/N
MCG-01-09-041_sdss,MCG-01-09-041,main,SDSS,461-51910-367,0.013916,emiles,69.297,7.9509,5000,0.20879,False,1.1652,4150,76.323,4143.2,60.493,4143,64.046,0.013916,9.3169,-0.40419,17.001,3.9811,48.863,3.743,138.09,4.306,955.29,9.9561,,,,,235.16,5.0038,181.33,4.7292,49.939,3.5551,45.129,3.3856,414.49,5.6474,95.95,32.069,14.047,73.395,46.996,38.343,13.33,-0.36262,0.0074498,-0.44173,0.033753,416.49,-0.36053,-1.3257,6.9179,14.047,SF,,,,,895.78,0,0,415.7,-0.33342,,low S/N
IC2810_sdss,IC2810,main,SDSS,1754-53385-310,0.034013,emiles,268.11,21.38,500,0.18599,False,1.4332,10075,141.14,10017,139.41,10029,139.27,0.033978,9.205,-0.36353,83.215,4.6232,141.94,4.9281,395.88,6.7764,3028,22.279,185.61,10.716,187.09,10.74,460.63,8.6382,393.95,8.1335,132.41,5.3385,87.623,5.6408,1787.9,13.905,135.91,58.42,24.803,128.58,53.325,48.436,15.534,-0.22882,0.0046496,-0.47564,0.019023,854.59,-0.5494,-1.5385,7.6489,24.803,composite,,,,,3000.6,386.78,146.8,1811.3,-0.21923,-0.42075,composite
IC3378_sdss,IC3378,main,SDSS,2598-54232-192,0.045284,emiles,99.625,12.122,5000,0.33692,False,1.0146,13278,77.373,13277,63.277,13276,64.362,0.045281,8.9521,-0.39621,40.379,4.1133,81.866,4.0214,187.6,4.5651,791.63,8.1042,131.39,8.2582,142.26,8.4335,149.64,3.8093,117.06,3.6375,60.184,3.6002,22.426,2.7854,344.82,5.0619,97.681,41.095,16.717,68.12,39.283,32.182,8.0513,-0.36093,0.0077726,-0.49376,0.028047,266.7,-0.47249,-1.5478,4.2197,16.717,SF,,,,,744.95,185.54,62.676,338.55,-0.34251,-0.47134,SF
Z44-80_sdss,Z44-80,main,SDSS,852-52375-397,0.024869,emiles,139.46,9.2887,2599.8,0.1066,False,1.0902,7359.4,62.983,7363.4,48.051,7365.7,49.395,0.024866,8.7864,-0.35783,124.64,5.7313,240.53,6.3149,518.75,8.6498,2186.3,17.759,682.72,16.506,631.81,16.203,419.4,7.2935,328.39,6.7683,906.09,11.176,84.663,4.5563,722.33,8.5904,123.11,59.973,81.075,84.086,57.504,48.519,18.582,-0.48097,0.0062546,0.24221,0.0090074,747.8,-0.46593,-1.412,4.2145,59.973,composite,,,,,1817.3,476.5,872.93,682.42,-0.42537,0.26292,composite
LEDA3091410_sdss,LEDA3091410,main,SDSS,2571-54055-598,0.026581,emiles,48.678,4.9958,3467.5,0.080072,False,1.2259,7875.9,61.917,7866,40.81,7864,37.709,0.026585,8.8039,-0.63963,54.8,2.9933,92.475,2.936,213.21,3.6715,703.51,5.6919,255.9,6.8368,281.51,7.7678,121.78,2.4958,76.212,2.1979,445.2,4.8127,19.63,1.8384,128.33,2.2137,123.6,58.072,92.504,57.972,48.795,34.675,10.678,-0.73893,0.0082745,0.31974,0.0088301,198,-0.55061,-1.5544,3.2996,57.972,SF,,,,,0,214.57,415.83,0,,0.28735,low S/N
LEDA176192_sdss,LEDA176192,main,SDSS,414-51869-490,0.020425,emiles,236.7,11.275,5000,0.33587,False,1.1065,6066.6,65.562,6059.7,45.977,6061,48.098,0.020419,8.7593,-0.1168,29.223,2.8126,50.613,2.6135,133.96,2.9781,658.02,5.6377,,,,,165.43,3.2538,107.42,3.2945,111.01,3.0261,20.883,2.4036,229.19,3.3198,116.72,44.983,36.683,69.035,50.841,32.604,8.6884,-0.45805,0.0073089,-0.08163,0.015277,272.84,-0.38233,-1.4984,4.9119,36.683,SF,,,,,728.72,185.64,148.4,274.26,-0.4244,-0.097243,SF
UGC6142_sdss,UGC6142,main,SDSS,580-52368-28,0.02511,emiles,53.014,6.2326,1492.7,1.3067,True,0.88089,7444,171.19,7437.9,135.89,7445,134.55,0.02512,9.7544,0.14936,0,7.3063,21.259,7.3246,48.211,8.0013,185.32,10.901,143.87,16.22,75.927,15.556,150.01,10.793,110.77,9.8603,89.577,7.4726,39.68,8.3977,288.96,12.178,17,6.0254,11.987,23.728,13.899,11.233,4.7251,0.19293,0.031427,0.26905,0.08067,260.78,0.14836,-0.66934,3.8438,6.0254,AGN,242.16,38.853,7958.6,1492.7,0,39.616,111.81,0,,0.45061,low S/N
2MASXJ09551395+1417576_sdss,2MASXJ09551395+1417576,main,SDSS,2584-54153-235,0.024212,emiles,74.831,4.7145,5000,0.079134,False,1.0031,7170.1,100.8,7171.9,98.033,7171.2,100.23,0.024211,9.1949,-0.19745,48.145,3.8404,92.764,3.9522,233.19,5.0755,1516.3,13.1,59.899,9.4327,104.06,9.6057,240.91,5.4202,190,5.1131,53.162,3.5982,39.1,3.6539,696.24,7.2166,115.75,45.944,14.774,96.478,44.447,37.16,10.701,-0.33804,0.0058601,-0.64211,0.030878,430.91,-0.54641,-1.5886,6.5026,14.774,SF,,,,,1450.9,225.44,53.368,694.94,-0.31967,-0.62575,SF
LEDA1232789_sdss,LEDA1232789,main,SDSS,519-52283-554,0.025951,emiles,37.784,0,3453.3,0,False,1.0945,7652,42.842,7683.3,42.164,7679.6,44.873,0.02596,9.2988,-0.50619,13.495,2.7024,21.696,2.3956,47.235,2.3694,206.38,3.0182,43.19,6.1221,38.899,5.9623,45.99,2.1307,29.836,1.8458,14.504,1.972,3.3744,1.7028,69.576,1.8888,68.379,19.936,7.3549,36.836,21.585,16.164,1.9818,-0.47222,0.013392,-0.51278,0.062938,75.827,-0.43485,-1.7865,4.3693,7.3549,SF,,,,,185.92,43.297,14.726,66.473,-0.44669,-0.46836,SF
IC3147B_sdss,IC3147B,main,SDSS,1613-53115-145,0.025578,emiles,109.23,12.068,500,0.16546,False,1.0913,7532.5,106.8,7590.6,126.29,7566.4,143.97,0.025643,9.2823,-0.39654,64.736,5.241,115.06,5.2271,263.96,6.101,1119.4,10.712,120.44,13.323,111.03,13.125,224.17,6.0057,171.85,5.7069,83.297,5.0319,45.761,4.4993,564.42,7.6227,104.5,43.265,16.554,74.044,37.327,30.112,10.171,-0.29738,0.0071884,-0.50091,0.02809,396.02,-0.45126,-1.3885,4.2407,16.554,SF,,,,,1112.7,269.59,94.474,577.19,-0.28505,-0.4554,composite
LEDA11650_sdss,LEDA11650,main,SDSS,412-52258-302,0.028679,emiles,337.7,1.4578,5000,0.019435,False,1.3226,8446.3,100.5,8483.8,75.352,8487.6,77.227,0.028703,9.1649,-0.28353,154.88,5.7429,289.15,6.317,680.12,8.84,2548,18.285,846.28,16.507,391.73,14.41,533.97,7.9849,369.86,7.1201,388.08,6.9924,55.772,5.0432,1010.6,9.7417,139.35,76.937,55.5,103.74,66.872,51.946,11.059,-0.40161,0.0052189,-0.24366,0.0096486,903.83,-0.45012,-1.6598,3.7464,55.5,SF,,,,,2607.7,770.08,443.08,1075.1,-0.38479,-0.24005,SF
Z63-63_sdss,Z63-63,main,SDSS,2582-54139-132,0.024198,emiles,140.25,9.575,5000,0.22476,False,1.0104,7165.3,56.805,7168.2,53.426,7168.6,54.062,0.024199,9.1159,-0.66971,49.453,4.336,86.207,4.3086,206.41,5.0251,876.84,8.2937,168.98,11.908,159.89,12.215,182.43,4.0367,132,3.7057,61.864,3.6668,17.607,2.5273,308.04,4.3294,105.72,41.077,16.871,71.15,45.194,35.619,6.9667,-0.45432,0.0073574,-0.5233,0.027828,314.43,-0.4454,-1.6972,4.248,16.871,SF,,,,,783.56,211.47,71.293,305.33,-0.40931,-0.47221,SF
2MASXJ08232861+0924041_sdss,2MASXJ08232861+0924041,main,SDSS,2571-54055-587,0.026862,emiles,190.66,0,5000,0,False,1.3031,7931,105.1,7946,88.291,7952.6,86.785,0.026859,9.1413,-0.21501,43.053,3.3841,87.556,3.2538,237.21,4.2019,1400.3,10.119,120.08,6.4251,134.46,6.7955,274.21,4.2903,197.63,3.9683,95.613,3.1138,40.998,2.7428,585.57,5.2047,138.39,56.453,30.706,112.51,63.915,49.803,14.948,-0.37865,0.0049749,-0.39462,0.0161,471.85,-0.47242,-1.5335,5.9032,30.706,SF,,,,,,,,,,,
2dFGRSTGN313Z174_sdss,2dFGRSTGN313Z174,main,SDSS,330-52370-612,0.019257,emiles,32.254,2.699,740.59,0.15788,False,1.1034,5716,22.383,5717.7,42.454,5717.2,42.324,0.019255,9.2894,-0.4618,11.688,3.5046,9.883,3.0972,35.779,2.693,120.43,2.6449,,,,,33.96,2.0907,22.844,2.3426,6.1412,2.3369,4.2959,1.9064,48.912,2.0954,45.535,13.286,2.6279,23.343,16.243,9.7518,2.2534,-0.39134,0.020907,-0.76538,0.16847,56.804,-0.32637,-1.4477,3.366,2.6279,low S/N,,,,,,,,,,,
2MASXJ11422226+0845548_comp_sdss,2MASXJ11422226+0845548,comp,SDSS,1620-53137-443,0.021607,emiles,18.47,0.85796,1105.7,0.15259,False,1.0834,6412.1,232.82,6471.6,222.82,6445.2,191.36,0.021822,10.02,0.18499,6.5592,7.3907,23.143,7.9165,34.566,9.0204,311.24,14.768,107.31,18.087,126.9,18.199,152.91,13.509,117.63,13.557,98.208,8.7654,34.614,11.238,290.37,13.333,21.075,3.8319,11.204,21.779,11.32,8.677,3.0801,-0.030134,0.028676,0.45351,0.11978,270.55,-0.060846,-0.95383,9.0042,3.8319,AGN,,,,,,,,,,,
LEDA1436844_comp_sdss,LEDA1436844,comp,SDSS,2266-53679-219,0.073281,emiles,13.764,1.6391,500,0.019205,False,1.0759,21192,114.37,21200,96.975,21204,98.426,0.073277,9.0847,-0.15087,25.311,3.1291,37.1,3.0614,98.294,3.2315,499.23,4.4644,48.392,5.5468,44.819,5.3012,75.437,2.457,50.65,2.3899,26.113,2.8904,6.4037,1.9842,175.08,2.815,111.82,30.417,9.0341,62.195,30.702,21.194,3.2274,-0.45507,0.0079901,-0.57568,0.050148,126.09,-0.59763,-1.8919,5.079,9.0341,SF,,,,,,,,,,,
IC3147B_comp_sdss,IC3147B,comp,SDSS,1614-53120-312,0.025957,emiles,25.255,2.5778,875.03,0.62664,False,0.90141,7690.1,212.79,7568.3,283.7,7601.6,217.83,0.025567,9.9134,0.11483,2.2535,10.995,0,11.007,29.199,12.37,98.683,13.421,8.7863,21.287,47.097,24.319,41.768,12.424,55.723,12.579,66.36,10.897,0.17833,11.231,105.28,12.076,7.3532,2.3605,6.0899,8.7176,3.362,4.4297,0.015878,0.028089,0.077267,0.35653,0.19732,97.491,-0.0052796,-2.743,3.3796,2.3605,low S/N,,,,,,,,,,,
MCG-01-09-041_comp_sdss,MCG-01-09-041,comp,SDSS,461-51910-361,0.013365,emiles,10538,127.98,2704.5,4.7365,True,0.98157,4039.5,113.49,4048,103.24,4026.7,116.39,0.013594,9.3591,-0.46453,132.6,8.4208,173.08,8.8756,384.26,11.55,2014.7,27.667,,,,,352.84,13.418,264.63,13.031,372.07,10.929,85.805,11.564,906.47,20.916,72.819,33.268,34.044,43.339,26.296,20.307,7.4202,-0.34685,0.011661,-0.013996,0.018253,617.47,-0.51358,-1.3707,5.2429,33.268,composite,9542.4,74.562,4147.4,2704.5,,,,,,,
IC3378_comp_sdss,IC3378,comp,SDSS,5852-56034-264,0.045207,emiles,21.008,3.5499,3407.8,0.2338,False,1.0344,13247,91.198,13243,72.305,13244,85.898,0.045165,9.3157,-0.31537,5.5847,1.4123,10.292,1.4621,27.848,1.6346,161.84,3.0338,16.22,2.3598,14.94,2.3339,26.904,1.8247,24.103,1.8036,7.7803,1.5482,1.4665,1.5446,72.475,2.1207,53.347,17.037,5.0253,34.175,14.744,13.364,0.9494,-0.34891,0.015092,-0.5538,0.090103,51.007,-0.50147,-2.0428,5.8117,5.0253,SF,,,,,,,,,,,
UGC6142_comp_sdss,UGC6142,comp,SDSS,581-52356-304,0.025229,emiles,405.57,17.186,5000,0.37712,False,1.4174,7465,121.02,7469.8,79.58,7464.9,74.658,0.02523,9.4311,-0.019215,64.433,4.9725,112.43,4.8016,312.12,5.7827,1523.7,11.512,,,,,292.28,6.2098,279.55,5.9257,1263.5,9.6482,70.45,4.5102,1042.6,8.5556,132.36,53.974,130.96,121.86,47.067,47.176,15.62,-0.1648,0.0048443,0.60727,0.0087029,571.82,-0.42564,-1.335,4.8819,53.974,AGN,,,,,,,,,,,
2MASXJ08232861+0924041_comp_sdss,2MASXJ08232861+0924041,comp,SDSS,2571-54055-598,0.026581,emiles,48.678,4.9958,3467.5,0.080072,False,1.2259,7875.9,61.917,7866,40.81,7864,37.709,0.026585,8.8039,-0.63963,54.8,2.9933,92.475,2.936,213.21,3.6715,703.51,5.6919,255.9,6.8368,281.51,7.7678,121.78,2.4958,76.212,2.1979,445.2,4.8127,19.63,1.8384,128.33,2.2137,123.6,58.072,92.504,57.972,48.795,34.675,10.678,-0.73893,0.0082745,0.31974,0.0088301,198,-0.55061,-1.5544,3.2996,57.972,SF,,,,,,,,,,,
Mrk1302_comp_sdss,Mrk1302,comp,SDSS,513-51989-601,0.018634,emiles,16.684,2.3849,2143,0.047211,False,1.3024,5528.6,10,5536.9,33.854,5533,33.014,0.018641,8.9829,-0.77322,35.252,3.9639,68.191,3.6724,164.87,3.8485,509.85,4.5022,,,,,82.003,2.2665,56.775,2.0539,337.01,4.6298,14.991,1.8999,86.626,2.1136,113.25,42.841,72.792,40.985,36.181,27.643,7.8902,-0.7698,0.011269,0.3105,0.011763,138.78,-0.56512,-1.5316,3.0924,40.985,SF,,,,,,,,,,,
IC2810_comp_sdss,IC2810,comp,SDSS,1753-53383-519,0.033899,emiles,148.04,0,5000,0,False,1.791,9993.4,129.38,9997.9,115.72,10004,114.72,0.033912,9.2765,-0.36014,59.713,3.4461,104.96,3.5933,295.63,4.5829,2277.1,13.013,111.72,6.476,67.863,6.3199,285.08,5.1419,262.51,4.9542,77.819,3.4932,45.906,3.676,1416.7,8.6641,174.99,64.508,22.277,163.52,55.442,52.988,12.488,-0.2061,0.0036351,-0.57967,0.020625,547.59,-0.61893,-1.6955,7.7026,22.277,composite,,,,,,,,,,,
LEDA11650_comp_sdss,LEDA11650,comp,SDSS,411-51817-119,0.029394,emiles,20.753,2.1022,5000,0.27814,False,1.0946,8692.8,45.841,8684.5,46.114,8681.4,41.173,0.029392,9.5911,-0.66457,9.2192,2.6071,13.037,2.3329,21.72,2.0457,82.543,1.8757,48.035,6.1161,46.247,6.0802,23.725,1.6258,15.622,1.4173,20.044,1.9406,4.8448,1.2845,19.418,1.3424,44.006,10.618,10.329,14.465,14.593,11.023,3.7717,-0.62847,0.031603,-0.034861,0.05866,39.347,-0.32176,-1.2314,3.8003,10.329,SF,,,,,,,,,,,
IC2867_comp_sdss,IC2867,comp,SDSS,1223-52781-178,0.020811,emiles,84.248,4.431,1017.1,0.10242,False,1.0711,6178.1,129.8,6170.7,92.403,6173.9,97.207,0.020796,9.5313,0.042525,35.455,6.7258,87.95,7.655,246.86,8.5993,1712.6,20.257,55.073,13.889,104.06,14.169,264.46,11.374,191.86,11.703,83.81,8.052,43.953,9.0696,770.22,14.065,84.542,28.707,10.409,54.761,23.252,16.394,4.8462,-0.34703,0.0094491,-0.46915,0.044383,456.32,-0.57438,-1.5907,6.9375,10.409,SF,,,,,,,,,,,
LEDA1050044_comp_sdss,LEDA1050044,comp,SDSS,463-51908-417,0.031482,emiles,20.707,0.26751,742.89,0.0056659,False,1.0533,9297.3,34.139,9292.6,33.22,9292.4,38.217,0.031482,8.9609,-0.55789,12.627,2.8107,29.427,2.586,57.715,2.4896,210.3,2.9535,111.41,7.5677,119.08,7.5066,46.249,1.8395,28.814,1.7534,73.242,2.5916,9.4172,1.9721,38.645,1.6064,71.204,23.182,28.262,24.056,25.142,16.433,4.7753,-0.73576,0.019056,0.10348,0.02423,75.062,-0.44742,-1.3489,3.6438,23.182,SF,,,,,,,,,,,
2MASXJ09551395+1417576_comp_sdss,2MASXJ09551395+1417576,comp,SDSS,5325-55980-350,0.024434,emiles,137.56,0,5000,0,False,2.1044,7227.8,127.85,7231.1,101.85,7226.3,103.48,0.024414,9.1209,-0.45916,47.904,2.5384,95.584,2.8515,250.95,4.0379,1803.7,14.616,79.746,5.2714,137.4,5.463,272.19,4.8986,209.08,4.5823,54.966,2.9888,34.234,3.1983,734.92,6.9806,123.41,62.148,18.391,105.28,55.566,45.627,10.704,-0.38992,0.0054223,-0.65949,0.024627,481.28,-0.57377,-1.7217,7.1875,18.391,SF,,,,,,,,,,,
LEDA3091410_comp_sdss,LEDA3091410,comp,SDSS,2571-54055-587,0.026862,emiles,190.66,0,5000,0,False,1.3031,7931,105.1,7946,88.291,7952.6,86.785,0.026859,9.1413,-0.21501,43.053,3.3841,87.556,3.2538,237.21,4.2019,1400.3,10.119,120.08,6.4251,134.46,6.7955,274.21,4.2903,197.63,3.9683,95.613,3.1138,40.998,2.7428,585.57,5.2047,138.39,56.453,30.706,112.51,63.915,49.803,14.948,-0.37865,0.0049749,-0.39462,0.0161,471.85,-0.47242,-1.5335,5.9032,30.706,SF,,,,,,,,,,,
2dFGRSTGN321Z156_comp_sdss,2dFGRSTGN321Z156,comp,SDSS,2920-54562-156,0.023356,emiles,811.63,22.566,4554.9,0.10544,False,2.0049,6902.6,85.171,6925,77.001,6925.2,77.067,0.023368,8.8561,-0.58257,100.29,2.6928,189.1,3.0566,521.02,4.3958,3274.2,15.513,278.18,6.9461,280.92,7.117,546.01,4.7631,405.88,4.0357,184.11,2.9542,66.717,2.2547,1271.7,6.7,211.06,118.53,62.323,189.8,114.63,100.57,29.59,-0.41073,0.0030773,-0.45177,0.007873,951.9,-0.53652,-1.6909,6.2842,62.323,SF,,,,,,,,,,,
