system,galaxy,file,survey,ident,z,zerr,cls,sha256,png
2MASXJ08232861+0924041,2MASXJ08232861+0924041,dataset/spectra/2MASXJ08232861+0924041/2MASXJ08232861+0924041/spec-2571-54055-0587.fits,SDSS,plate 2571 mjd 54055 fiber 587,0.026862,0.000006,GALAXY,320af81ac457c50ba457094c8d56ab58522e4e0847ae69db0df96289047969bf,output/specz_gallery/spectra/2MASXJ08232861+0924041__2MASXJ08232861+0924041.png
2MASXJ09551395+1417576,2MASXJ09551395+1417576,dataset/spectra/2MASXJ09551395+1417576/2MASXJ09551395+1417576/spec-2584-54153-0235.fits,SDSS,plate 2584 mjd 54153 fiber 235,0.024212,0.000006,GALAXY,373d58d54e850a1102964b5684bb8b85a292c8f25d61b0c9b3c2c665c4e44d61,output/specz_gallery/spectra/2MASXJ09551395+1417576__2MASXJ09551395+1417576.png
2MASXJ11422226+0845548,2MASXJ11422226+0845548,dataset/spectra/2MASXJ11422226+0845548/2MASXJ11422226+0845548/spec-1225-52760-0217.fits,SDSS,plate 1225 mjd 52760 fiber 217,0.021941,0.000010,GALAXY,283c659b8351e9f7e343fd307e304248952cd5eaf5ee3c505a99493b71ecd6da,output/specz_gallery/spectra/2MASXJ11422226+0845548__2MASXJ11422226+0845548.png
2MASXJ11422226+0845548,IC0720,dataset/spectra/2MASXJ11422226+0845548/IC0720/spec-1620-53137-0443.fits,SDSS,plate 1620 mjd 53137 fiber 443,0.021607,0.000013,GALAXY,f78e122021e2b9daaedcc7e08d4fd6a94e40a939df0a0f08d1fc05c32ed67424,output/specz_gallery/spectra/2MASXJ11422226+0845548__IC0720.png
2dFGRSTGN313Z174,2dFGRSTGN313Z174,dataset/spectra/2dFGRSTGN313Z174/2dFGRSTGN313Z174/spec-desi-39627757533007477.fits,DESI,targetid 39627757533007477,0.019234,0.000002,zwarn=0 GALAXY dchi2=10911.0,a181f427c5ec6f204b0470ed02c225f315d13c72e73f45cbd53d83160f2f3d22,output/specz_gallery/spectra/2dFGRSTGN313Z174__2dFGRSTGN313Z174.png
2dFGRSTGN321Z156,2dFGRSTGN321Z156,dataset/spectra/2dFGRSTGN321Z156/2dFGRSTGN321Z156/spec-0290-51941-0193.fits,SDSS,plate 290 mjd 51941 fiber 193,0.023133,0.000021,GALAXY,f142cdf26dfc110b285ec1e4f7fdde7d47523e86754839fe4bb2f31c6aad4147,output/specz_gallery/spectra/2dFGRSTGN321Z156__2dFGRSTGN321Z156.png
2dFGRSTGN321Z156,UGC07755A,dataset/spectra/2dFGRSTGN321Z156/UGC07755A/spec-desi-39627781855775543.fits,DESI,targetid 39627781855775543,0.023131,0.000001,zwarn=0 GALAXY dchi2=252800.0,e7185e68561474602a12bd85c1cc76181741fbe2ffc24391bc49cac52a2432e5,output/specz_gallery/spectra/2dFGRSTGN321Z156__UGC07755A.png
BKD2008WR561,BKD2008WR561,dataset/spectra/BKD2008WR561/BKD2008WR561/spec-2429-53799-0267.fits,SDSS,plate 2429 mjd 53799 fiber 267,0.007093,0.000006,GALAXY,adf3cf90a4662bcd3e7ba232d7021cf79231125fc75be32c3d2c4fd1e1b2367c,output/specz_gallery/spectra/BKD2008WR561__BKD2008WR561.png
IC2867,IC0698,dataset/spectra/IC2867/IC0698/spec-1223-52781-0178.fits,SDSS,plate 1223 mjd 52781 fiber 178,0.020811,0.000012,GALAXY,cbf3562d11943290f1bae74fc6bf6a757a7040080e2b1af761dee8a24ccd21c5,output/specz_gallery/spectra/IC2867__IC0698.png
IC2867,IC2867,dataset/spectra/IC2867/IC2867/spec-1223-52781-0169.fits,SDSS,plate 1223 mjd 52781 fiber 169,0.020914,0.000008,GALAXY,17fd40c743ef40e427649d94b7b570f5d9c94e6b7f0bfe3a801f1a404c021807,output/specz_gallery/spectra/IC2867__IC2867.png
IC3147B,IC3147,dataset/spectra/IC3147B/IC3147/spec-1614-53120-0312.fits,SDSS,plate 1614 mjd 53120 fiber 312,0.025957,0.000012,GALAXY,fb31ca288d9b50e7b9fe898329f3aae00fce4fe41cb31afb739df232c2717e7c,output/specz_gallery/spectra/IC3147B__IC3147.png
IC3147B,IC3147B,dataset/spectra/IC3147B/IC3147B/spec-desi-39628075859711056.fits,DESI,targetid 39628075859711056,0.025627,0.000003,zwarn=0 GALAXY dchi2=42558.0,6677dcb7024840fd697af5b86bc098d6ef1a763d57860929fe6727f49b25d179,output/specz_gallery/spectra/IC3147B__IC3147B.png
IC3378,IC3378,dataset/spectra/IC3378/IC3378/spec-desi-39628198719263215.fits,DESI,targetid 39628198719263215,0.045275,0.000002,zwarn=0 GALAXY dchi2=32096.0,149f8a9b23258b3815d4c3e8ba44cfaa86b6a5da16d1ab4a601e6e86ac2f9b45,output/specz_gallery/spectra/IC3378__IC3378.png
IC775,IC775,dataset/spectra/IC775/IC775/spec-1614-53120-0346.fits,SDSS,plate 1614 mjd 53120 fiber 346,0.025788,0.000011,GALAXY,a348f907f789122ed174f1975c1f1e12bfb72de61bc79018f595da4553fd8c98,output/specz_gallery/spectra/IC775__IC775.png
LEDA1050044,LEDA1050044,dataset/spectra/LEDA1050044/LEDA1050044/spec-desi-39627664981495030.fits,DESI,targetid 39627664981495030,0.031499,0.000002,zwarn=0 GALAXY dchi2=22254.0,9382d158e042b942c9e84c515d768566d5ae7481f931a4f40ff5d9de02408399,output/specz_gallery/spectra/LEDA1050044__LEDA1050044.png
LEDA1050044,LEDA1050099,dataset/spectra/LEDA1050044/LEDA1050099/spec-desi-2402599311507462.fits,DESI,targetid 2402599311507462,0.031239,0.000004,zwarn=0 GALAXY dchi2=3612.0,6087a7cf47cc12c5c97af0d64f7d7b77572534ac4c7cd6eb0a6e86bf91829ea2,output/specz_gallery/spectra/LEDA1050044__LEDA1050099.png
LEDA11650,LEDA11650,dataset/spectra/LEDA11650/LEDA11650/spec-0412-52258-0302.fits,SDSS,plate 412 mjd 52258 fiber 302,0.028679,0.000010,GALAXY,47399e13bf7b28d0764a628f27b7fa84b59a69f067727b119b2e5932bd367bc0,output/specz_gallery/spectra/LEDA11650__LEDA11650.png
LEDA11650,PGC1145746,dataset/spectra/LEDA11650/PGC1145746/spec-0411-51817-0119.fits,SDSS,plate 411 mjd 51817 fiber 119,0.029394,0.000011,GALAXY,7a8f09ae60903dc9e51d6e1ae493f8273bf436052825c4b9f7f1c6b8185cbb1c,output/specz_gallery/spectra/LEDA11650__PGC1145746.png
LEDA1348189,LEDA1348189,dataset/spectra/LEDA1348189/LEDA1348189/spec-desi-39627992242064083.fits,DESI,targetid 39627992242064083,0.035558,0.000004,zwarn=0 GALAXY dchi2=2180.0,5e8f5e9b6095a576ee00716f11970f9bbf5a6f544fa4d554ef4e1d0b00ac4169,output/specz_gallery/spectra/LEDA1348189__LEDA1348189.png
LEDA1436844,2MASXJ08003546+1339369,dataset/spectra/LEDA1436844/2MASXJ08003546+1339369/spec-2266-53679-0219.fits,SDSS,plate 2266 mjd 53679 fiber 219,0.073281,0.000006,GALAXY,d6865f620b8efe8f7527ef5307b348cac99d39d22f794a347606cacd60892668,output/specz_gallery/spectra/LEDA1436844__2MASXJ08003546+1339369.png
LEDA1436844,LEDA1436844,dataset/spectra/LEDA1436844/LEDA1436844/spec-desi-39628116066305705.fits,DESI,targetid 39628116066305705,0.015799,0.000002,zwarn=0 GALAXY dchi2=5970.0,cd8762a004a63ffb47e53537861de7e0f0ab0db5b209cdf095ca64d1bdd5128f,output/specz_gallery/spectra/LEDA1436844__LEDA1436844.png
LEDA176192,LEDA176192,dataset/spectra/LEDA176192/LEDA176192/spec-desi-39627791632699670.fits,DESI,targetid 39627791632699670,0.020392,0.000002,zwarn=0 GALAXY dchi2=27331.0,4d374cfc826fa3a8558b43ce413e96018e16da623c020b937cd72dba8e9b0dc3,output/specz_gallery/spectra/LEDA176192__LEDA176192.png
LEDA181851,LEDA181851,dataset/spectra/LEDA181851/LEDA181851/spec-desi-39627799287303060.fits,DESI,targetid 39627799287303060,0.020665,0.000001,zwarn=0 GALAXY dchi2=123893.0,8f24dfc0825e40d46cc3048cbf895d38ce93059f1c6230093762b3b28a66d071,output/specz_gallery/spectra/LEDA181851__LEDA181851.png
MCG-01-09-041,MCG-01-09-041,dataset/spectra/MCG-01-09-041/MCG-01-09-041/spec-0461-51910-0367.fits,SDSS,plate 461 mjd 51910 fiber 367,0.013916,0.000010,GALAXY,c3f69fe2440365b153fa25d042eea7e65828d4a1ce893f867ca3e027a472ae7d,output/specz_gallery/spectra/MCG-01-09-041__MCG-01-09-041.png
MCG-01-09-041,NGC1346,dataset/spectra/MCG-01-09-041/NGC1346/spec-0461-51910-0361.fits,SDSS,plate 461 mjd 51910 fiber 361,0.013365,0.000034,QSO,92ec91480e4eafa4564516c47af98a49c28aabc494ff64aaf9a0338d97d1ff99,output/specz_gallery/spectra/MCG-01-09-041__NGC1346.png
Mrk1302,Mrk1302,dataset/spectra/Mrk1302/Mrk1302/spec-0513-51989-0603.fits,SDSS,plate 513 mjd 51989 fiber 603,0.018612,0.000012,GALAXY,e27fd8bd09980157c0ac73189c89b431ad0d69c6c6fc7cc98d94196f55c9c144,output/specz_gallery/spectra/Mrk1302__Mrk1302.png
Mrk1302,PGC3124613,dataset/spectra/Mrk1302/PGC3124613/spec-0513-51989-0601.fits,SDSS,plate 513 mjd 51989 fiber 601,0.018634,0.000006,GALAXY,0ab4cf931edbe21f821d8990d707e82ad5ddb7a1bf39b9cf389d501df0ae6b91,output/specz_gallery/spectra/Mrk1302__PGC3124613.png
NGC2864,NGC2864,dataset/spectra/NGC2864/NGC2864/spec-0991-52707-0531.fits,SDSS,plate 991 mjd 52707 fiber 531,0.033965,0.000010,GALAXY,a8bb7d16b66987139b4bbf23d7207ab7b57d1b2186b7c4a3facd377e16b988dd,output/specz_gallery/spectra/NGC2864__NGC2864.png
NVSSJ084256+133826,NVSSJ084256+133826,dataset/spectra/NVSSJ084256+133826/NVSSJ084256+133826/spec-2428-53801-0416.fits,SDSS,plate 2428 mjd 53801 fiber 416,0.016808,0.000010,GALAXY,a4ee769efeb7c68f43b8288dc90dc9d441c54f52b6afa31916b08faf25894bbe,output/specz_gallery/spectra/NVSSJ084256+133826__NVSSJ084256+133826.png
NVSSJ100720+040434,NVSSJ100720+040434,dataset/spectra/NVSSJ100720+040434/NVSSJ100720+040434/spec-0573-52325-0511.fits,SDSS,plate 573 mjd 52325 fiber 511,0.028620,0.000008,GALAXY,96a815bcae2b526a9678cd0902c69cfefee4a7a36efe6d61e31adaa17d3e6531,output/specz_gallery/spectra/NVSSJ100720+040434__NVSSJ100720+040434.png
UGC6142,UGC6142,dataset/spectra/UGC6142/UGC6142/spec-desi-2842629133828099.fits,DESI,targetid 2842629133828099,0.025197,0.000006,zwarn=0 GALAXY dchi2=52301.0,a18f49427564e3275bd9c07e933b47e97a3daa0803ea6aedda2509a152ba0d10,output/specz_gallery/spectra/UGC6142__UGC6142.png
UGC6142,UGC6142A,dataset/spectra/UGC6142/UGC6142A/spec-0581-52356-0304.fits,SDSS,plate 581 mjd 52356 fiber 304,0.025229,0.000009,GALAXY,c5cb865b8ddd97fd10ce5b4b41daaec8755352cf4ee0ddb7f8fdc4a2bec8b061,output/specz_gallery/spectra/UGC6142__UGC6142A.png
Z44-80,Z44-80,dataset/spectra/Z44-80/Z44-80/spec-0852-52375-0397.fits,SDSS,plate 852 mjd 52375 fiber 397,0.024869,0.000008,GALAXY,d4520298763e72e8d510df643f3bc9145267bd8a82671cf4500632ad291cd936,output/specz_gallery/spectra/Z44-80__Z44-80.png
Z63-63,Z63-63,dataset/spectra/Z63-63/Z63-63/spec-2582-54139-0132.fits,SDSS,plate 2582 mjd 54139 fiber 132,0.024198,0.000009,GALAXY,633a18860790306036e774ba09ca8b1337280a1468910b458ece69163da19163,output/specz_gallery/spectra/Z63-63__Z63-63.png
Z64-106,Z64-106,dataset/spectra/Z64-106/Z64-106/spec-1746-53062-0435.fits,SDSS,plate 1746 mjd 53062 fiber 435,0.023458,0.000009,GALAXY,f3488c806f69c20fc078ec0168f6d4a40bbd76a9115704f34426a5d4af479e00,output/specz_gallery/spectra/Z64-106__Z64-106.png
