system,ra,dec,class_EB,class_VC,z_hand,z_main,z_main_err,z_main_survey,z_main_sep,z_main_obj,n_main_meas,main_all_z,comp_name,comp_z_hand,z_comp,z_comp_survey,comp_sep_arcsec,comp_sep_kpc,dv_comp_kms,kpc_per_arcsec,n_neighbours,n_neighbours_100kpc,nearest_neighbour_kpc,nearest_neighbour_dv,neighbours,flags,note
LEDA181851,147.89718,0.43474,2.00000,2.00000,0.02066,0.02063,0.00001,"SIMBAD, SDSS DR17, DESI DR1, NED",0.00000,LEDA  181851,5,"0.02063(SIMBAD, SDSS DR17, DESI DR1, NED,0.0"")",,,,,,,,0.41800,1,0,231.10000,128.00000,"0.0211(231kpc,+128)",,
2MASXJ09551395+1417576,148.80812,14.29927,2.00000,0.00000,0.02421,0.02421,0.00001,"SIMBAD, SDSS DR17, NED, 2MRS",0.00000,Z  92-73,4,"0.02421(SIMBAD, SDSS DR17, NED, 2MRS,0.0"")",PGC028602,0.02443,0.02416,"SIMBAD, 2MRS, SDSS DR17, NED",85.00000,41.50000,-16.00000,0.48800,2,1,19.50000,71.00000,"0.0245(20kpc,+71);0.0238(124kpc,-114)",,
IC3378,187.00649,17.29646,0.00000,0.00000,0.04528,0.04528,0.00001,"SIMBAD, SDSS DR17, NED, DESI DR1",0.00000,IC 3378,4,"0.04528(SIMBAD, SDSS DR17, NED, DESI DR1,0.0"")",IC3379,0.04521,0.04622,"SIMBAD, SDSS DR17, NED",51.10000,45.50000,270.00000,0.89000,1,0,517.70000,-166.00000,"0.0447(518kpc,-166)",,
2MASXJ11422226+0845548,175.59291,8.76548,1.00000,1.00000,0.02194,0.02194,0.00001,"SIMBAD, SDSS DR17, LAMOST DR5, NED",0.00000,2MASX J11422226+0845548,4,"0.02194(SIMBAD, SDSS DR17, LAMOST DR5, NED,0.0"")",IC0720,0.02161,0.02161,"SIMBAD, SDSS DR17, 2MRS, NED",15.80000,7.00000,-97.00000,0.44400,11,2,47.40000,-390.00000,"0.0206(47kpc,-390);0.0205(69kpc,-427);0.0212(117kpc,-217);0.0225(125kpc,+151);0.0214(172kpc,-170);0.0215(173kpc,-142)",,
NVSSJ084256+133826,130.73492,13.64160,1.00000,1.00000,0.01681,0.01681,0.00001,"SIMBAD, SDSS DR17, NED",0.00000,Z  60-37,4,"0.01681(SIMBAD, SDSS DR17, NED,0.0"")",[WGB2006] 084012+13500 b,0.01631,0.01631,SIMBAD,15.80000,5.40000,-148.00000,0.34200,0,0,,,,,"companion promoted from the spectroscopic neighbours: [WGB2006] 084012+13500 b at 16"" = 5 kpc, dv -148 km/s (SIMBAD)"
IC2810,171.43770,14.67662,0.00000,0.00000,0.03400,0.03461,0.00001,"SIMBAD, SDSS DR17, 2MRS, NED",0.00000,IC 2810,4,"0.03461(SIMBAD, SDSS DR17, 2MRS, NED,0.0"")",IC2810B,0.03390,0.03390,"SIMBAD, SDSS DR17, NED",71.40000,48.40000,-205.00000,0.67700,0,0,,,,,"csv row 'NGC 5614' is IC 2810 (z 0.034, companion IC 2810B; .dat and ALMA lists agree); Simbad had resolved the real NGC 5614 (z 0.013); csv position 161134"" from SIMBAD"
Z44-80,201.04014,5.25978,2.00000,2.00000,0.02487,0.02487,0.00001,"SIMBAD, SDSS DR17, LAMOST DR5, NED",0.00000,Z  44-80,4,"0.02487(SIMBAD, SDSS DR17, LAMOST DR5, NED,0.0"")",,,,,,,,0.50100,0,0,,,,,
Z63-63,146.69177,13.52978,2.00000,2.00000,0.02420,0.02420,0.00001,"SIMBAD, SDSS DR17, NED",0.00000,Z  63-63,3,"0.02420(SIMBAD, SDSS DR17, NED,0.0"")",,,,,,,,0.48800,0,0,,,,,
IC3147B,184.82783,12.01821,1.00000,1.00000,0.02563,0.02558,0.00002,"SIMBAD, SDSS DR17, NED, DESI DR1",0.00000,IC 3147B,4,"0.02558(SIMBAD, SDSS DR17, NED, DESI DR1,0.0"")",IC3147,0.02596,0.02596,"SIMBAD, NED, SDSS DR17",23.00000,11.90000,111.00000,0.51600,5,1,53.60000,-58.00000,"0.0254(54kpc,-58);0.0267(109kpc,+339);0.0258(143kpc,+58);0.0264(189kpc,+228);0.0269(273kpc,+385)",,"reduction position 15"" from SIMBAD; REDUCTION CENTRE DISAGREES WITH SIMBAD: check"
IC775,184.72362,12.91268,0.00000,1.00000,0.02030,0.02579,0.00001,"SIMBAD, SDSS DR17, NED, 2MRS",0.00000,IC  775,4,"0.02579(SIMBAD, SDSS DR17, NED, 2MRS,0.0"")",,0.02600,,,,,,0.41100,12,4,53.40000,-391.00000,"0.0245(53kpc,-391);0.0251(54kpc,-213);0.0249(54kpc,-260);0.0280(63kpc,+635);0.0254(105kpc,-129);0.0272(114kpc,+413)",hand_mismatch,"companion 'PGC039595' resolves to MCG+09-19-108 at Dec +55.9: wrong name, dropped; re-identify from the spectroscopic neighbours; unnamed companion with hand z 0.0260: identify from the neighbours; hand z 0.0203 vs SIMBAD 0.0258: settle from the spectra"
IC2867,172.25224,9.08938,2.00000,1.00000,0.02091,0.02100,8.00000,"SIMBAD, SDSS DR17, NED",0.00000,IC 2867,3,"0.02100(SIMBAD, SDSS DR17, NED,0.0"")",IC0698,0.02081,0.02081,"SIMBAD, SDSS DR17, 2MRS, NED",94.90000,40.20000,-56.00000,0.42300,6,1,82.90000,76.00000,"0.0213(83kpc,+76);0.0205(109kpc,-138);0.0209(130kpc,-15);0.0207(158kpc,-103);0.0209(160kpc,-27);0.0211(186kpc,+20)",,
2dFGRSTGN313Z174,179.18960,-1.29296,2.00000,2.00000,0.01923,0.01926,0.00002,"SIMBAD, NED, DESI DR1, 6dFGS, 2dFGRS, GAMA DR4, SDSS DR17",0.00000,Z  13-8,9,"0.01926(SIMBAD, NED, DESI DR1, 6dFGS, 2dFGRS, GAMA DR4, SDSS DR17,0.0"")",,,,,,,,0.39000,4,2,93.10000,-180.00000,"0.0186(93kpc,-180);0.0183(97kpc,-282);0.0180(101kpc,-362);0.0191(198kpc,-57)",,
Mrk1302,174.72889,3.58088,0.00000,2.00000,0.01861,0.01861,0.00001,"SIMBAD, SDSS DR17, 2MRS, NED",0.00000,Z  40-20,4,"0.01861(SIMBAD, SDSS DR17, 2MRS, NED,0.0"")",PGC3124613,0.01863,0.01863,"SIMBAD, NED, SDSS DR17, LAMOST DR5",71.60000,27.00000,6.00000,0.37800,3,3,6.40000,62.00000,"0.0188(6kpc,+62);0.0186(6kpc,-17);0.0183(75kpc,-94)",,
LEDA1050044,57.28999,-5.04627,1.00000,1.00000,0.03150,0.03150,0.00000,"DESI DR1, 6dFGS, NED",0.05000,39627664981495030,3,"0.03150(DESI DR1, 6dFGS, NED,0.1"")",LEDA1050099,0.03124,0.03148,"SIMBAD, SDSS DR17, NED",17.90000,11.30000,-6.00000,0.63000,0,0,,,,,"csv position 18"" from SIMBAD; dat position 18"" from SIMBAD; SIMBAD z quality D"
LEDA1436844,120.15857,13.65640,2.00000,0.00000,0.01580,0.01581,0.00001,"SIMBAD, SDSS DR17, DESI DR1, NED",0.00000,LEDA 1436844,4,"0.01581(SIMBAD, SDSS DR17, DESI DR1, NED,0.0"")",2MASXJ08003546+1339369,0.07328,0.07328,"SIMBAD, SDSS DR17, NED",40.60000,13.10000,16961.00000,0.32200,4,1,47.50000,-174.00000,"0.0152(48kpc,-174);0.0154(156kpc,-118);0.0155(156kpc,-77);0.0157(156kpc,-30)",comp_unbound,
NGC2864,141.06414,5.94118,1.00000,1.00000,0.03397,0.03397,0.00001,"SIMBAD, SDSS DR17, NED",0.00000,NGC  2864,4,"0.03397(SIMBAD, SDSS DR17, NED,0.0"");0.01124(NED,0.6"")",[WGB2006] 092136+06090 b,0.03469,0.03469,"SIMBAD, DESI DR1",23.40000,15.80000,210.00000,0.67700,0,0,,,,ambiguous_main,"unnamed companion with hand z 0.0348: identify from the neighbours; companion promoted from the spectroscopic neighbours: [WGB2006] 092136+06090 b at 21"" = 14 kpc, dv +210 km/s (SIMBAD, DESI DR1)"
LEDA1348189,164.47966,8.50452,1.00000,1.00000,0.03556,0.03579,0.00001,"SIMBAD, SDSS DR17, NED",0.00000,LEDA 1348189,3,"0.03579(SIMBAD, SDSS DR17, NED,0.0"")",,,,,,,,0.70700,7,0,146.70000,-203.00000,"0.0351(147kpc,-203);0.0343(226kpc,-440);0.0347(282kpc,-308);0.0351(286kpc,-205);0.0348(305kpc,-274);0.0351(357kpc,-194)",,
2MASXJ08232861+0924041,125.86925,9.40116,0.00000,2.00000,0.02686,0.02686,0.00001,"SIMBAD, NED, SDSS DR17",0.00000,Z  60-4,3,"0.02686(SIMBAD, NED, SDSS DR17,0.0"")",LEDA3091410,0.02686,0.02658,"SIMBAD, SDSS DR17, NED",74.20000,40.10000,-82.00000,0.54000,0,0,,,,,"companion set to LEDA3091410 (73"" apart, same z; csv listed the galaxy as its own companion); companion csv position 74"" from SIMBAD; SIMBAD used"
MCG-01-09-041,52.53971,-5.52167,1.00000,1.00000,0.01392,0.01392,0.00001,"SIMBAD, NED, SDSS DR17, 6dFGS, 2MRS",0.00000,MCG-01-09-041,5,"0.01392(SIMBAD, NED, SDSS DR17, 6dFGS, 2MRS,0.0"")",NGC1346,0.01336,0.01336,"SIMBAD, SDSS DR17, 2MRS, 6dFGS",95.90000,27.20000,-166.00000,0.28400,0,0,,,,,
NVSSJ100720+040434,151.83607,4.07930,2.00000,2.00000,0.02862,0.02867,0.00001,"SIMBAD, SDSS DR17, NED",0.00000,Z  36-41,3,"0.02867(SIMBAD, SDSS DR17, NED,0.0"")",,,,,,,,0.57400,0,0,,,,,
UGC6142,166.17463,4.29736,2.00000,0.00000,0.02520,0.02511,0.00001,"SIMBAD, DESI DR1, SDSS DR17, NED, 2MRS",0.00000,Z  38-114,5,"0.02511(SIMBAD, DESI DR1, SDSS DR17, NED, 2MRS,0.0"")",UGC6142A,0.02523,0.02523,"SIMBAD, SDSS DR17, NED",53.50000,27.10000,35.00000,0.50700,7,3,35.10000,93.00000,"0.0254(35kpc,+93);0.0264(59kpc,+388);0.0249(69kpc,-64);0.0257(108kpc,+170);0.0254(131kpc,+91);0.0250(185kpc,-45)",,
BKD2008WR561,130.70087,14.26525,1.00000,1.00000,0.00709,0.00709,0.00001,SDSS DR17,0.05000,2734884329858557952,1,"0.00709(SDSS DR17,0.1"")",2851663043887104,0.00634,0.00634,DESI DR1,80.30000,11.70000,-223.00000,0.14600,2,2,20.80000,-66.00000,"0.0069(21kpc,-66);0.0070(35kpc,-30)",,"SIMBAD z quality D; companion promoted from the spectroscopic neighbours: 2851663043887104 at 80"" = 12 kpc, dv -223 km/s (DESI DR1)"
LEDA3091410,125.84912,9.39562,2.00000,2.00000,0.02590,0.02658,0.00001,"SIMBAD, SDSS DR17, NED",0.00000,LEDA 3091410,3,"0.02658(SIMBAD, SDSS DR17, NED,0.0"")",2MASXJ08232861+0924041,0.02686,0.02686,"SIMBAD, NED, SDSS DR17",74.20000,38.70000,82.00000,0.52100,0,0,,,,,"csv position 24482"" from SIMBAD; dat position 73"" from SIMBAD; companion set to 2MASXJ08232861+0924041 (73"" apart, same z; csv listed the galaxy as its own companion)"
2dFGRSTGN321Z156,188.93180,-0.22380,1.00000,1.00000,0.02313,0.02313,0.00002,"SIMBAD, SDSS DR17, NED, 2dFGRS",0.00000,Z  14-73,4,"0.02313(SIMBAD, SDSS DR17, NED, 2dFGRS,0.0"")",UGC07755A,0.02313,0.02336,"SIMBAD, DESI DR1, 6dFGS, SDSS DR17",37.80000,17.60000,67.00000,0.46700,12,4,31.90000,-38.00000,"0.0230(32kpc,-38);0.0226(39kpc,-160);0.0228(46kpc,-97);0.0232(46kpc,+19);0.0232(177kpc,+19);0.0235(181kpc,+108)",,
LEDA176192,51.70890,0.19860,1.00000,2.00000,0.02039,0.02043,0.00001,"SIMBAD, SDSS DR17, NED, DESI DR1, LAMOST DR5",0.00000,LEDA  176192,5,"0.02043(SIMBAD, SDSS DR17, NED, DESI DR1, LAMOST DR5,0.0"")",39627791632699590,0.02088,0.02088,DESI DR1,20.50000,8.50000,132.00000,0.41300,0,0,,,,,"csv position 16"" from SIMBAD; dat position 16"" from SIMBAD; unnamed companion with hand z 0.0209: identify from the neighbours; companion promoted from the spectroscopic neighbours: 39627791632699590 at 20"" = 8 kpc, dv +132 km/s (DESI DR1)"
Z64-106,154.73352,13.15746,2.00000,1.00000,0.02346,0.02346,0.00001,"SIMBAD, SDSS DR17, NED, 2MRS",0.00000,Z  64-106,6,"0.02346(SIMBAD, SDSS DR17, NED, 2MRS,0.0"")",,,,,,,,0.47300,0,0,,,,,
LEDA11650,46.56052,-0.34437,1.00000,1.00000,0.02868,0.02868,0.00001,"SIMBAD, NED, 6dFGS, SDSS DR17",0.00000,LEDA   11650,5,"0.02868(SIMBAD, NED, 6dFGS, SDSS DR17,0.0"")",PGC1145746,0.02939,0.02941,"SIMBAD, SDSS DR17, NED",15.00000,8.60000,213.00000,0.57500,6,1,52.70000,242.00000,"0.0295(53kpc,+242);0.0279(280kpc,-219);0.0254(286kpc,-965);0.0318(286kpc,+908);0.0281(314kpc,-183);0.0265(337kpc,-647)",,
LEDA1232789,186.21555,2.62509,,,0.02809,0.02595,0.00001,"SIMBAD, LAMOST DR5, DESI DR1, SDSS DR17, NED",0.00000,LEDA 1232789,5,"0.02595(SIMBAD, LAMOST DR5, DESI DR1, SDSS DR17, NED,0.0"")",,,,,,,,0.56400,4,0,182.60000,-10.00000,"0.0259(183kpc,-10);0.0261(269kpc,+56);0.0264(283kpc,+120);0.0260(315kpc,+6)",hand_mismatch,"in the .dat and ALMA lists, not in the classification csv; hand z 0.0281 vs SIMBAD 0.0260: settle from the spectra"
