system,ra,dec,z,dv_kms,sep_arcsec,sep_kpc,surveys,obj_ids,zqual
LEDA181851,147.83768,0.57620,0.02107,128.00000,552.47000,231.10000,DESI DR1,2714994919604224,zwarn=0 GALAXY dchi2=313.0
2MASXJ09551395+1417576,148.79667,14.29889,0.02445,71.00000,39.97000,19.50000,NED,AGC 190594,zflag=S1L type=G
2MASXJ09551395+1417576,148.88014,14.31016,0.02382,-114.00000,253.30000,123.60000,"SIMBAD, DESI DR1, NED, SDSS DR17",SDSS J095531.23+141836.5;39628128267535036;WISEA J095531.17+141835.9;2909391399654811648;39628128267535050,qual=C otype=G
IC3378,186.87577,17.39909,0.04470,-166.00000,581.60000,517.70000,DESI DR1,39628204494817036,zwarn=0 GALAXY dchi2=136.0
2MASXJ11422226+0845548,175.61225,8.78817,0.02061,-390.00000,106.81000,47.40000,"SIMBAD, SDSS DR17, NED",LEDA 1353704;1379283782158280704;WISEA J114226.91+084717.7,qual=C otype=AG?
2MASXJ11422226+0845548,175.59958,8.80833,0.02048,-427.00000,156.11000,69.20000,NED,AGC 213161,zflag=S1L type=G
2MASXJ11422226+0845548,175.60293,8.83801,0.02120,-217.00000,263.53000,116.90000,"SIMBAD, 2MRS, NED, SDSS DR17",LEDA 3091447;11422465+0850168;WISEA J114224.70+085016.9;1379282682646652928,qual=C otype=AG?
2MASXJ11422226+0845548,175.61979,8.83888,0.02245,151.00000,281.04000,124.70000,NED,[TTK2017] 14511,zflag=SST type=GGroup
2MASXJ11422226+0845548,175.62736,8.86756,0.02136,-170.00000,387.39000,171.80000,"SIMBAD, NED, SDSS DR17",LEDA 3474280;WISEA J114230.56+085203.2;1379262341681539072,qual=C otype=AG?
2MASXJ11422226+0845548,175.63800,8.86400,0.02146,-142.00000,389.28000,172.70000,NED,[DZ2015] 584,zflag=SFO type=GGroup
2MASXJ11422226+0845548,175.67200,8.84797,0.02098,-283.00000,409.10000,181.50000,NED,[EKL2017] ECO 0021,zflag=SST type=GGroup
2MASXJ11422226+0845548,175.67499,8.87353,0.02120,-217.00000,486.39000,215.70000,"SIMBAD, SDSS DR17, NED",Z  68-38;1379265090460608512;CGCG 068-038,qual=C otype=LIN
2MASXJ11422226+0845548,175.71239,8.85290,0.02151,-127.00000,528.89000,234.60000,"SDSS DR17, NED",1379260692414097408;SDSS J114250.97+085110.4,zw=0 GALAXY
2MASXJ11422226+0845548,175.71448,8.85269,0.02183,-31.00000,534.45000,237.10000,SIMBAD,LEDA 1354874,qual=C otype=AG?
2MASXJ11422226+0845548,175.73889,8.83973,0.02117,-226.00000,584.01000,259.00000,"SIMBAD, NED, SDSS DR17",SDSS J114257.33+085022.9;WISEA J114257.34+085022.4;1379261517047818240,qual=C otype=AG?
IC3147B,184.84518,12.04161,0.02538,-58.00000,104.00000,53.60000,"SIMBAD, NED, DESI DR1, SDSS DR17",Z  70-8;VCC 0347;39628075859711399;[TTK2017] 73564;1816117009050527744,qual=C otype=Sy2
IC3147B,184.85869,12.06851,0.02674,339.00000,211.18000,108.90000,"SIMBAD, LAMOST DR5, SDSS DR17, NED",LEDA 1403237;418612185;1816116184416806912;VPC 0045,qual=C otype=G
IC3147B,184.75027,12.03250,0.02578,58.00000,277.87000,143.30000,"DESI DR1, SDSS DR17, NED",39628075859709413;1816117833684248576;WISEA J121900.06+120157.1,zwarn=0 GALAXY dchi2=12937.0
IC3147B,184.90099,12.09063,0.02636,228.00000,366.28000,188.90000,"SIMBAD, NED, DESI DR1, SDSS DR17",SDSS J121936.23+120526.2;WISEA J121936.22+120526.1;39628075863901426;1816117283928434688,qual=C otype=G
IC3147B,184.94398,12.11154,0.02690,385.00000,529.26000,273.00000,"SIMBAD, SDSS DR17, NED",SDSS J121946.55+120641.5;1817289638285436928;WISEA J121946.56+120641.8,qual=C otype=G
IC775,184.75726,12.92765,0.02445,-391.00000,129.77000,53.40000,"SDSS DR17, NED",1816216514852841472;VPC 0013,zw=0 GALAXY
IC775,184.75306,12.89017,0.02506,-213.00000,131.16000,53.90000,"SIMBAD, NED, SDSS DR17",SDSS J121900.73+125324.6;WISEA J121900.73+125324.8;1816214590707492864,qual=C otype=G
IC775,184.75761,12.92868,0.02490,-260.00000,132.45000,54.50000,"SIMBAD, SDSS DR17, NED",SDSS J121901.82+125543.2;1817298709256366080;SDSS J121901.83+125543.2,qual=C otype=G
IC775,184.74940,12.94714,0.02796,635.00000,153.53000,63.10000,"SDSS DR17, NED",1816217064608655360;VPC 0012,zw=0 GALAXY
IC775,184.65582,12.93764,0.02535,-129.00000,254.26000,104.60000,"SIMBAD, SDSS DR17, DESI DR1, NED",Z  69-140;1817296510233110528;39628099469443880;VCC 0298,qual=C otype=G
IC775,184.72035,12.98979,0.02720,413.00000,277.83000,114.20000,"DESI DR1, SDSS DR17, NED",39628099469445151;1816214865585399808;WISEA J121852.89+125923.4,zwarn=0 GALAXY dchi2=525.0
IC775,184.64932,12.87704,0.02637,168.00000,290.58000,119.50000,NED,[TTK2017] 23508,zflag=SST type=GGroup
IC775,184.71043,12.99640,0.02439,-409.00000,304.65000,125.30000,"SIMBAD, NED, SDSS DR17",LEDA  169036;VPC 0002;1817296235355203584,qual=C otype=G
IC775,184.64290,12.85584,0.02564,-44.00000,349.44000,143.70000,"SIMBAD, DESI DR1, SDSS DR17, NED",LEDA  139783;39628093576446601;1817300358523807744;2MASX J12183429+1251210,qual=C otype=G
IC775,184.58999,12.86410,0.02478,-295.00000,500.46000,205.80000,"SIMBAD, SDSS DR17, NED, DESI DR1",LEDA   39521;1817297884622645248;VCC 0284;39628093572255591,qual=C otype=G
IC775,184.62364,12.80144,0.02432,-430.00000,532.35000,218.90000,"SIMBAD, DESI DR1, SDSS DR17, NED",ECO 1443;39628093576446264;1816211567050516480;WISEA J121829.65+124805.4,qual=C otype=G
IC775,184.62036,12.80042,0.02562,-49.00000,542.81000,223.20000,"NED, SDSS DR17",WISEA J121828.88+124801.5;1817298984134273024,zflag=SLS type=G
IC2867,172.30556,9.07581,0.02126,76.00000,195.76000,82.90000,"SIMBAD, NED, SDSS DR17",LEDA 1359149;WISEA J112913.33+090432.7;1377002845638780928,qual=C otype=AG?
IC2867,172.18000,9.09100,0.02053,-138.00000,256.86000,108.70000,NED,HDCE 0649,zflag=SST type=GGroup
IC2867,172.16629,9.09871,0.02095,-15.00000,307.29000,130.10000,"SIMBAD, 2MRS, SDSS DR17, NED",IC  696;11283992+0905552;1377021262458546176;IC 0696,qual=C otype=GiG
IC2867,172.27700,8.98859,0.02065,-103.00000,373.25000,158.00000,"SIMBAD, NED, 2MRS, SDSS DR17",IC  699;AT 2017hrr;11290646+0859189;1376999272225990656,qual=C otype=LIN
IC2867,172.14625,9.09139,0.02091,-27.00000,376.83000,159.50000,NED,WBL 334,zflag=S1L type=GClstr
IC2867,172.12934,9.10443,0.02107,20.00000,439.68000,186.10000,"SIMBAD, 2MRS, NED, SDSS DR17",IC 2857;11283107+0906162;1377025935382964224,qual=C otype=GiG
2dFGRSTGN313Z174,179.18241,-1.35889,0.01865,-180.00000,238.76000,93.10000,"DESI DR1, NED",2389497723486209;2842496514129921;1083277909688323;1070083770155011;DESI J179.1824-01.3594,zwarn=0 GALAXY dchi2=320.0
2dFGRSTGN313Z174,179.18251,-1.36191,0.01830,-282.00000,248.59000,97.00000,"SIMBAD, NED, GAMA DR4, SDSS DR17, DESI DR1, 2dFGRS",LEDA 1120485;WISEA J115643.79-012141.9;144176;371713310153795584;39627757533007341;DESI J179.1825-01.3619;TGN312Z099,qual=C otype=AG?
2dFGRSTGN313Z174,179.18268,-1.36450,0.01803,-362.00000,258.75000,100.90000,DESI DR1,1070083770155012;1083277909688324,zwarn=0 GALAXY dchi2=378.0
2dFGRSTGN313Z174,179.07482,-1.21160,0.01906,-57.00000,506.40000,197.50000,NED,DESI J179.0748-01.2116,zflag=SLS? type=G
Mrk1302,174.73036,3.58532,0.01882,62.00000,16.82000,6.40000,DESI DR1,39627872201085691,zwarn=0 GALAXY dchi2=19129.0
Mrk1302,174.72635,3.57683,0.01855,-17.00000,17.19000,6.50000,DESI DR1,39627872201085579,zwarn=0 GALAXY dchi2=13513.0
Mrk1302,174.77500,3.55024,0.01829,-94.00000,199.05000,75.20000,NED,[EKL2017] ECO 2446,zflag=SST type=GGroup
LEDA1436844,120.15632,13.69734,0.01522,-174.00000,147.60000,47.50000,"SIMBAD, DESI DR1, SDSS DR17, NED, 2MRS",Z  59-13;39628116066305646;2550309035928741888;CGCG 059-013;08003752+1341509,qual=C otype=Sy2
LEDA1436844,120.07802,13.54723,0.01541,-118.00000,483.62000,155.60000,DESI DR1,2389850376372225,zwarn=0 GALAXY dchi2=138.0
LEDA1436844,120.07591,13.54841,0.01555,-77.00000,484.08000,155.80000,"SIMBAD, NED, SDSS DR17, DESI DR1",LEDA 4151027;WISEA J080018.26+133254.3;2550310685196183552;39628110185893328,qual=C otype=AG?
LEDA1436844,120.07396,13.54949,0.01571,-30.00000,485.58000,156.30000,DESI DR1,2403044515905536,zwarn=0 GALAXY dchi2=2104.0
LEDA1348189,164.53698,8.49228,0.03509,-203.00000,207.48000,146.70000,"SIMBAD, NED, SDSS DR17",LEDA 4015663;WISEA J105808.79+082932.6;1373679845648656384,qual=C otype=G
LEDA1348189,164.50014,8.41783,0.03427,-440.00000,320.30000,226.50000,"SIMBAD, SDSS DR17, NED",SDSS J105800.03+082504.3;3249349405635012608;WISEA J105800.03+082503.2,qual=C otype=G
LEDA1348189,164.55441,8.58724,0.03473,-308.00000,399.37000,282.50000,DESI DR1,39627992242065420,zwarn=0 GALAXY dchi2=479.0
LEDA1348189,164.47693,8.39237,0.03508,-205.00000,403.84000,285.60000,DESI DR1,39627992242063950,zwarn=0 GALAXY dchi2=756.0
LEDA1348189,164.48915,8.38517,0.03484,-274.00000,430.96000,304.80000,NED,GalWCat19 1570,zflag=SST type=GClstr
LEDA1348189,164.58025,8.60319,0.03512,-194.00000,504.39000,356.70000,"SIMBAD, DESI DR1, NED, SDSS DR17",2MASS J10581924+0836117;39627992242065871;WISEA J105819.25+083611.7;1373677921503307776,qual=C otype=LIN
LEDA1348189,164.34656,8.43836,0.03610,90.00000,530.28000,375.00000,"SIMBAD, NED, SDSS DR17",SDSS J105723.17+082618.1;WISEA J105723.18+082618.1;3249363424408266752,qual=C otype=G
UGC6142,166.19259,4.30429,0.02543,93.00000,69.14000,35.10000,DESI DR1,39627890152706224,zwarn=0 GALAXY dchi2=51.0
UGC6142,166.20651,4.29115,0.02644,388.00000,116.61000,59.20000,NED,HMCG 121,zflag=SST type=GGroup
UGC6142,166.20651,4.27668,0.02489,-64.00000,136.54000,69.30000,"SIMBAD, DESI DR1, SDSS DR17, NED",2MASS J11044955+0416361;39627890152706555;653028307889055744;WISEA J110449.56+041635.4,qual=C otype=AGN
UGC6142,166.23195,4.28095,0.02569,170.00000,213.90000,108.50000,"SIMBAD, NED, DESI DR1, SDSS DR17",LEDA 1266039;WISEA J110455.65+041651.2;39627890156896315;653029132522776576,qual=C otype=G
UGC6142,166.24639,4.29117,0.02542,91.00000,258.45000,131.20000,"SIMBAD, 2MRS, DESI DR1, NED, SDSS DR17",Z  38-116;11045912+0417277;39627890156896595;2851425231044608;CGCG 038-116;654219903414331392,qual=C otype=GiG
UGC6142,166.12224,4.38409,0.02495,-45.00000,364.47000,185.00000,DESI DR1,39627896179919835,zwarn=0 GALAXY dchi2=39.0
UGC6142,166.07034,4.36346,0.02454,-167.00000,443.60000,225.10000,DESI DR1,39627890152703808,zwarn=0 GALAXY dchi2=166.0
BKD2008WR561,130.66588,14.28554,0.00687,-66.00000,142.27000,20.80000,"2MRS, NED, LAMOST DR5, DESI DR1",08423982+1417078;NGC 2648;339810199;380208088;2842866950864896,
BKD2008WR561,130.63595,14.28825,0.00699,-30.00000,241.17000,35.20000,"SDSS DR17, NED",2732566009859827712;WISEA J084232.62+141718.1,zw=0 GALAXY
2dFGRSTGN321Z156,188.91792,-0.21086,0.02300,-38.00000,68.34000,31.90000,NED,SDSSCGA 00483,zflag=SST type=GGroup
2dFGRSTGN321Z156,188.90900,-0.21986,0.02259,-160.00000,83.31000,38.90000,NED,[EKL2017] ECO 2911,zflag=SST type=GGroup
2dFGRSTGN321Z156,188.91119,-0.20601,0.02280,-97.00000,97.81000,45.70000,"SIMBAD, 2dFGRS, SDSS DR17, DESI DR1, 6dFGS, NED",UGC  7755;TGN322Z228;326564606740817920;39627781855775315;nan;UGC 07755,qual=C otype=GiG
2dFGRSTGN321Z156,188.91484,-0.20199,0.02319,19.00000,99.47000,46.40000,DESI DR1,2842520836898821,zwarn=0 GALAXY dchi2=184.0
2dFGRSTGN321Z156,188.96851,-0.32247,0.02320,19.00000,379.00000,177.00000,DESI DR1,39627781855776178,zwarn=0 GALAXY dchi2=306.0
2dFGRSTGN321Z156,188.83420,-0.17848,0.02350,108.00000,386.82000,180.60000,"SIMBAD, 2dFGRS, DESI DR1, NED, SDSS DR17",LEDA 1149934;TGN321Z162;39627781855774038;SDSS J123520.20-001042.4;326574502345467904,qual=C otype=G
2dFGRSTGN321Z156,188.80503,-0.21987,0.02227,-252.00000,456.59000,213.20000,DESI DR1,39627781855773565,zwarn=0 GALAXY dchi2=9009.0
2dFGRSTGN321Z156,188.79551,-0.22227,0.02263,-147.00000,490.44000,229.00000,"SIMBAD, NED, SDSS DR17",SDSS J123510.91-001320.1;2MASS J12351093-0013197;326576151612909568,qual=C otype=G
2dFGRSTGN321Z156,189.05785,-0.27633,0.02253,-176.00000,491.32000,229.40000,"SIMBAD, NED, SDSS DR17, 2dFGRS",SDSS J123613.88-001634.7;WISEA J123613.86-001634.6;326562407717562368;TGN322Z217,qual=C otype=G
2dFGRSTGN321Z156,188.79445,-0.22112,0.02263,-147.00000,494.57000,230.90000,"SIMBAD, 2MRS, 6dFGS",NGC  4541;12351066-0013157;nan,qual=C otype=Sy2
2dFGRSTGN321Z156,188.79180,-0.21819,0.02331,53.00000,504.41000,235.50000,DESI DR1,39627781855773365,zwarn=0 GALAXY dchi2=31396.0
2dFGRSTGN321Z156,188.79034,-0.22047,0.02376,184.00000,509.39000,237.90000,DESI DR1,39627781855773344,zwarn=0 GALAXY dchi2=11947.0
LEDA11650,46.56457,-0.31926,0.02951,242.00000,91.58000,52.70000,"SIMBAD, SDSS DR17, NED",SDSS J030615.49-001909.3;904176004287719424;WISEA J030615.55-001908.0,qual=C otype=G
LEDA11650,46.42901,-0.31341,0.02793,-219.00000,486.18000,279.60000,"SIMBAD, SDSS DR17, NED",SDSS J030542.96-001848.4;904175179653998592;WISEA J030543.22-001849.8,qual=C otype=G
LEDA11650,46.69680,-0.32201,0.02537,-965.00000,497.14000,285.90000,"SDSS DR17, NED",913178536506845184;SDSS J030647.23-001919.2,zw=0 GALAXY
LEDA11650,46.69682,-0.32198,0.03180,908.00000,497.23000,286.00000,DESI DR1,39627779469218206,zwarn=0 GALAXY dchi2=46.0
LEDA11650,46.42286,-0.40861,0.02805,-183.00000,546.89000,314.50000,"NED, SDSS DR17",WISEA J030541.48-002431.0;913190356256843776,zflag=SLS type=G
LEDA11650,46.49541,-0.49364,0.02646,-647.00000,585.98000,337.00000,"SIMBAD, SDSS DR17, NED",SDSS J030558.89-002937.0;902983033685043200;SDSS J030558.91-002936.8,qual=C otype=G
LEDA1232789,186.29748,2.66257,0.02592,-10.00000,324.05000,182.60000,DESI DR1,39627854291403735,zwarn=0 GALAXY dchi2=880.0
LEDA1232789,186.08344,2.61235,0.02614,56.00000,477.08000,268.90000,"SIMBAD, NED, SDSS DR17, DESI DR1",SDSS J122420.03+023644.5;WISEA J122420.03+023645.1;584485026465343488;39627848247412272,qual=C otype=G
LEDA1232789,186.23398,2.76331,0.02636,120.00000,501.98000,282.90000,"SIMBAD, SDSS DR17, DESI DR1, NED",SDSS J122456.15+024547.9;584494922069993472;39627854287213170;WISEA J122456.15+024548.0,qual=C otype=G
LEDA1232789,186.23549,2.77915,0.02597,6.00000,559.18000,315.20000,"SIMBAD, SDSS DR17, DESI DR1, NED",2MASX J12245654+0246452;584493272802551808;39627854287213200;WISEA J122456.52+024644.8,qual=C otype=LIN
