system,name,aliases,ra,dec,pos_source,otype,z_hand,z_simbad,z_simbad_qual,z_source_hand,class_EB,class_VC,class_final,comment,comp_name,comp_ra,comp_dec,comp_pos_source,comp_z_hand,in_csv,in_dat,in_alma,note
LEDA181851,LEDA181851,LEDA  181851;WISEA J095135.33+002605.4,147.897183,0.434739,SIMBAD (LEDA  181851),AG?,0.02066,0.02063,C,DESI DR1 - null,2.0,2.0,,,,,,,,True,True,True,
2MASXJ09551395+1417576,2MASXJ09551395+1417576,Z  92-73;CGCG 092-073,148.808118,14.299273,SIMBAD (Z  92-73),GiP,0.02421,0.02421,C,SDSS DR16 (check) - SDSS DR16 (check),2.0,0.0,,myabe 0,PGC028602,148.785137,14.291432,SIMBAD (Z  92-72),0.02443,True,True,True,
IC3378,IC3378,IC 3378,187.006486,17.296459,SIMBAD (IC 3378),G,0.04528,0.04528,C,DESI DR1 - SDSS DR16 (check),0.0,0.0,,maybe 2,IC3379,187.017665,17.305834,SIMBAD (IC 3379),0.04521,True,True,True,
2MASXJ11422226+0845548,2MASXJ11422226+0845548,2MASX J11422226+0845548,175.59291,8.765475,SIMBAD (2MASX J11422226+0845548),AGN,0.02194,0.02194,C,SDSS DR16 (check) - SDSS DR16 (check),1.0,1.0,,,IC0720,175.593069,8.769853,SIMBAD (IC  720),0.02161,True,True,True,
NVSSJ084256+133826,NVSSJ084256+133826,Z  60-37;WISEA J084256.36+133829.8,130.734923,13.641596,SIMBAD (Z  60-37),GiG,0.01681,0.01681,C,SDSS DR16 (check) - null,1.0,1.0,,,[WGB2006] 084012+13500 b,130.73058,13.64281,neighbour search (SIMBAD),0.01631,True,True,True,"companion promoted from the spectroscopic neighbours: [WGB2006] 084012+13500 b at 16"" = 5 kpc, dv -148 km/s (SIMBAD)"
IC2810,IC2810,IC 2810;NGC 5614,171.437697,14.676616,SIMBAD (IC 2810),rG,0.034,0.034607,C,SDSS DR16 (check) - SDSS DR16 (check),0.0,0.0,,,IC2810B,171.45642,14.668503,SIMBAD (IC 2810B),0.0339,True,True,True,"csv row 'NGC 5614' is IC 2810 (z 0.034, companion IC 2810B; .dat and ALMA lists agree); Simbad had resolved the real NGC 5614 (z 0.013); csv position 161134"" from SIMBAD"
Z44-80,Z44-80,Z  44-80;CGCG 044-080,201.040143,5.259775,SIMBAD (Z  44-80),G,0.02487,0.02487,C,SDSS DR16 (check) - null,2.0,2.0,,,,,,,,True,True,True,
Z63-63,Z63-63,Z  63-63;CGCG 063-063,146.691774,13.529776,SIMBAD (Z  63-63),G,0.0242,0.0242,C,SDSS DR16 (check) - null,2.0,2.0,,,,,,,,True,True,True,
IC3147B,IC3147B,IC 3147B,184.827827,12.018212,SIMBAD (IC 3147B),G,0.02563,0.02558,C,DESI DR1 - SDSS DR16 (check),1.0,1.0,,,IC3147,184.821637,12.016174,SIMBAD (IC 3147),0.02596,True,True,False,"reduction position 15"" from SIMBAD; LS reduction cutout centre off the galaxy (pair cutout centred between members?)"
IC775,IC775,IC  775;IC 0775,184.723617,12.912679,SIMBAD (IC  775),rG,0.0203,0.02579,C,DESI DR1 - SDSS DR16 (check),0.0,1.0,,,,,,,0.026,True,True,True,"companion 'PGC039595' resolves to MCG+09-19-108 at Dec +55.9: wrong name, dropped; re-identify from the spectroscopic neighbours; unnamed companion with hand z 0.0260: identify from the neighbours; hand z 0.0203 vs SIMBAD 0.0258: settle from the spectra"
IC2867,IC2867,IC 2867,172.252238,9.089378,SIMBAD (IC 2867),AG?,0.02091,0.0210015275876267,C,SDSS DR16 (check) - SDSS DR16 (check),2.0,1.0,,"Another galaxy at the same z, maybe 0",IC0698,172.265908,9.112036,SIMBAD (IC  698),0.02081,True,True,True,
2dFGRSTGN313Z174,2dFGRSTGN313Z174,Z  13-8;CGCG 013-008,179.189604,-1.292956,SIMBAD (Z  13-8),GiG,0.01923,0.01926,C,DESI DR1 - null,2.0,2.0,,,,,,,,True,True,True,
Mrk1302,Mrk1302,Z  40-20;MRK 1302,174.728886,3.580882,SIMBAD (Z  40-20),H2G,0.01861,0.01861,C,SDSS DR16 (check) - SDSS DR16 (check),0.0,2.0,,"Multiple spectra, maybe 0",PGC3124613,174.73075,3.60067,csv (hand / Simbad),0.01863,True,True,True,
LEDA1050044,LEDA1050044,LEDA 1050044;WISEA J034909.62-050247.0,57.289986,-5.046273,SIMBAD (LEDA 1050044),EmG,0.0315,0.0314984575095615,D,DESI DR1 - DESI DR1,1.0,1.0,,Multiple spectra,LEDA1050099,57.291056,-5.041407,csv (hand / Simbad),0.03124,True,True,True,"csv position 18"" from SIMBAD; dat position 18"" from SIMBAD; SIMBAD z quality D"
LEDA1436844,LEDA1436844,LEDA 1436844;CGCG 059-012 NED02,120.158575,13.656398,SIMBAD (LEDA 1436844),G,0.0158,0.01581,C,DESI DR1 - SDSS DR16 (check),2.0,0.0,,Multiple spectra; far galaxies,2MASXJ08003546+1339369,120.147647,13.660227,SIMBAD (Z  59-12),0.07328,True,True,True,
NGC2864,NGC2864,NGC  2864;NGC 2864,141.064143,5.94118,SIMBAD (NGC  2864),G,0.03397,0.03397,C,SDSS DR16 (check) - DESI DR1,1.0,1.0,,Multiple spectra maybe 2,[WGB2006] 092136+06090 b,141.06346,5.93472,"neighbour search (SIMBAD, DESI DR1)",0.03469,True,True,True,"unnamed companion with hand z 0.0348: identify from the neighbours; companion promoted from the spectroscopic neighbours: [WGB2006] 092136+06090 b at 21"" = 14 kpc, dv +210 km/s (SIMBAD, DESI DR1)"
LEDA1348189,LEDA1348189,LEDA 1348189;SDSS J105755.11+083016.2,164.479664,8.504516,SIMBAD (LEDA 1348189),G,0.03556,0.03579,C,"SDSS DR16 (check), DESI DR1 - null",1.0,1.0,,Multiple spectra; no companion,,,,,,True,True,True,
2MASXJ08232861+0924041,2MASXJ08232861+0924041,Z  60-4,125.869246,9.401156,SIMBAD (Z  60-4),rG,0.02686,0.02686,C,SDSS DR16 (check) - SDSS DR16 (check),0.0,2.0,,maybe 0,LEDA3091410,125.84912,9.395617,SIMBAD (LEDA 3091410),0.02686,True,False,False,"companion set to LEDA3091410 (73"" apart, same z; csv listed the galaxy as its own companion); companion csv position 74"" from SIMBAD; SIMBAD used"
MCG-01-09-041,MCG-01-09-041,MCG -01-09-041,52.539714,-5.521667,SIMBAD (MCG-01-09-041),Sy2,0.01392,0.01392,C,SDSS DR16 (check) - SDSS DR16 (check),1.0,1.0,,Very resolved,NGC1346,52.555265,-5.543331,SIMBAD (NGC  1346),0.01336,True,True,True,
NVSSJ100720+040434,NVSSJ100720+040434,Z  36-41;CGCG 036-041,151.836074,4.079305,SIMBAD (Z  36-41),AGN,0.02862,0.02867,C,SDSS DR16 (check) - null,2.0,2.0,,maybe 1,,,,,,True,True,True,
UGC6142,UGC6142,Z  38-114;UGC 06142,166.174627,4.29736,SIMBAD (Z  38-114),LIN,0.0252,0.02511,C,DESI DR1 - SDSS DR16 (check),2.0,0.0,,"Group of galaxies, maybe 1",UGC6142A,166.18946,4.298697,SIMBAD (Z  38-115),0.02523,True,True,True,
BKD2008WR561,BKD2008WR561,[BKD2008] WR 561,130.700875,14.26525,SIMBAD ([BKD2008] WR 561),PoG,0.00709,0.0071,D,SDSS DR16 (check) - null,1.0,1.0,,PGC024469,2851663043887104,130.67814,14.26878,neighbour search (DESI DR1),0.00634,True,True,True,"SIMBAD z quality D; companion promoted from the spectroscopic neighbours: 2851663043887104 at 80"" = 12 kpc, dv -223 km/s (DESI DR1)"
LEDA3091410,LEDA3091410,LEDA 3091410;WISEA J082323.79+092344.1,125.84912,9.395617,SIMBAD (LEDA 3091410),G,0.0259,0.02658,C,DESI DR1 - null,2.0,2.0,,,2MASXJ08232861+0924041,125.869246,9.401156,SIMBAD (Z  60-4),0.02686,True,True,True,"csv position 24482"" from SIMBAD; dat position 73"" from SIMBAD; companion set to 2MASXJ08232861+0924041 (73"" apart, same z; csv listed the galaxy as its own companion)"
2dFGRSTGN321Z156,2dFGRSTGN321Z156,Z  14-73;CGCG 014-073 NED02,188.931804,-0.223803,SIMBAD (Z  14-73),G,0.02313,0.02313,C,SDSS DR16 (check) - DESI DR1,1.0,1.0,,Another galaxy at the same z,UGC07755A,188.9265,-0.214752,SIMBAD (UGC  7755 A),0.02313,True,True,True,
LEDA176192,LEDA176192,LEDA  176192,51.708904,0.198603,SIMBAD (LEDA  176192),EmG,0.02039,0.02043,C,DESI DR1 - DESI DR1,1.0,2.0,,,39627791632699590,51.7038,0.19609,neighbour search (DESI DR1),0.02088,True,True,False,"csv position 16"" from SIMBAD; dat position 16"" from SIMBAD; unnamed companion with hand z 0.0209: identify from the neighbours; companion promoted from the spectroscopic neighbours: 39627791632699590 at 20"" = 8 kpc, dv +132 km/s (DESI DR1)"
Z64-106,Z64-106,Z  64-106,154.73352,13.15746,SIMBAD (Z  64-106),G,0.02346,0.02346,C,DESI DR1 - null,2.0,1.0,,par,,,,,,True,True,False,
LEDA11650,LEDA11650,LEDA   11650,46.560523,-0.34437,SIMBAD (LEDA   11650),Sy1,0.02868,0.02868,C,SDSS DR16 (check) - SDSS DR16 (check),1.0,1.0,,,PGC1145746,46.557409,-0.341588,csv (hand / Simbad),0.02939,True,True,False,
LEDA1232789,LEDA1232789,LEDA 1232789;WISEA J122451.75+023730.5,186.215553,2.625086,SIMBAD (LEDA 1232789),G,0.028086,0.02595,C,,,,,,,,,,,False,True,True,"in the .dat and ALMA lists, not in the classification csv; hand z 0.0281 vs SIMBAD 0.0260: settle from the spectra"
